IsApple,Given Name Clean,Presumed Name Clean,Use Name,Possibly Wrong Use Name
TRUE,abe lincoln,red astrachan,red astrachan,
TRUE,acme,acme,acme,
FALSE,(pear) adelaide,(pear) adalaine,(pear) adalaine,
FALSE,(pear) adeline,(pear) adalaine,(pear) adalaine,
TRUE,alexander,alexander,alexander,
TRUE,alexandria,alexander,alexander,
TRUE,allen,,allen,
TRUE,american beauty,sterling,sterling,
TRUE,american blush,,american blush,
TRUE,american golden pippin,,american golden pippin,
TRUE,american golden russet,,american golden russet,
TRUE,american pippin,,american pippin,
TRUE,american russet,,american russet,
TRUE,american summer pearmain,american summer pearmain,american summer pearmain,
FALSE,(pear) anglo,(pear) beurre d'anjou,(pear) beurre d'anjou,
FALSE,(pear) anjon,(pear) beurre d'anjou,(pear) beurre d'anjou,
FALSE,(pear) anjou,(pear) beurre d'anjou,(pear) beurre d'anjou,
TRUE,araboskoe,arabaskoe,arabaskoe,
TRUE,arctic,arctic,arctic,
TRUE,arctic baldwin,arctic,arctic,
TRUE,arkansas beauty,arkansas beauty,arkansas beauty,
TRUE,arkansas black,arkansas black,arkansas black,
TRUE,arkansas red,arkansas,arkansas,
TRUE,aroostook sweeting,,aroostook sweeting,
FALSE,(pear) assumption,(pear) beurre de l'assomption,(pear) beurre de l'assomption,
TRUE,astrachan,red astrachan,red astrachan,
TRUE,auburn sweet,,auburn sweet,
TRUE,august greening,,august greening,
TRUE,august sweet,sweet bough,sweet bough,
TRUE,aunt hannah,aunt hannah,aunt hannah,
TRUE,austin sweet,austin,austin,
TRUE,autumn strawberry,late strawberry,late strawberry,
TRUE,autumn sweet,,autumn sweet,
TRUE,b. c. oxford,black oxford,black oxford,
FALSE,(pear) b. d. anjou,(pear) beurre d'anjou,(pear) beurre d'anjou,
FALSE,(pear) b. de anjou,(pear) beurre d'anjou,(pear) beurre d'anjou,
TRUE,bailey sweet,bailey sweet,bailey sweet,
TRUE,bailey's sweet,bailey sweet,bailey sweet,
TRUE,baker sweet,baker sweet,baker sweet,
TRUE,baker's sweet,baker sweet,baker sweet,
TRUE,baking sweet,baker sweet,baker sweet,
TRUE,baldwin,baldwin,baldwin,
TRUE,baldwin canada,canada baldwin,canada baldwin,
TRUE,ball pippin,fall pippin,fall pippin,
TRUE,ball sweet,,ball sweet,
TRUE,ballister,,ballister,
TRUE,bally's sweet,bailey sweet,bailey sweet,
TRUE,baltimore pippin,,baltimore pippin,
TRUE,banana,winter banana,winter banana,
TRUE,banana apple,winter banana,winter banana,
TRUE,banana russet,banana russet,banana russet,
TRUE,banana sweet,,banana sweet,
FALSE,(pear) banfee,,(pear) banfee,
TRUE,banna,winter banana,winter banana,
FALSE,(pear) bare basque,(pear) beurre bosc,(pear) beurre bosc,
TRUE,bare limb greening,fall harvey,fall harvey,
TRUE,barker red,,barker red,
TRUE,barkis,,barkis,
TRUE,barley sweet,bailey sweet,bailey sweet,
FALSE,(pear) barltett,(pear) bartlett,(pear) bartlett,
TRUE,barmer sweet,,barmer sweet,
TRUE,barret greening,,barret greening,
TRUE,barter,baxter,baxter,
FALSE,(pear) bartlett,(pear) bartlett,(pear) bartlett,
TRUE,bartlett sweet,,bartlett sweet,
TRUE,barton pippin,,barton sweet,
TRUE,basin sweet,,basin sweet,
TRUE,basket apple,,basket apple,
TRUE,basket sweet,,basket sweet,
TRUE,baxter,baxter,baxter,
FALSE,(pear) be-an-jean,(pear) beurre d'anjou,(pear) beurre d'anjou,
TRUE,beane,deane,deane,
FALSE,(pear) beangrau,(pear) beurre d'anjou,(pear) beurre d'anjou,
TRUE,beateamer,bietigheimer,bietigheimer,
FALSE,(pear) beau ambjean,(pear) beurre d'anjou,(pear) beurre d'anjou,
FALSE,(pear) beau ideal,(pear) beurre diel,(pear) beurre diel,
FALSE,(pear) beauce,(pear) beurre bosc,(pear) beurre bosc,
FALSE,(pear) beaurre d'anjou,(pear) beurre d'anjou,(pear) beurre d'anjou,
FALSE,(pear) beauty,(pear) flemish beauty,(pear) flemish beauty,
TRUE,beauty,,beauty,
FALSE,(pear) beauty flemish,(pear) flemish beauty,(pear) flemish beauty,
TRUE,beauty kent,beauty of kent,beauty of kent,
TRUE,beauty of kent,beauty of kent,beauty of kent,
TRUE,beauty of kind,beauty of kent,beauty of kent,
TRUE,beauty of sweden,beauty of sweden,beauty of sweden,
TRUE,beauty of the west,,beauty of the west,
TRUE,beauty of west,,beauty of the west,
TRUE,beauty sweet,,beauty sweet,
TRUE,bee stings,bee stings,bee stings,
TRUE,beef steak,beefsteak,beefsteak,
TRUE,beef-steak,beefsteak,beefsteak,
TRUE,beefsteak,beefsteak,beefsteak,
TRUE,beehive,beehive,beehive,
TRUE,beet apple,,beet apple,
TRUE,belflower,yellow bellflower,yellow bellflower,
FALSE,(pear) bell,(pear) belle lucrative,(pear) belle lucrative,
TRUE,bell apple,,bell,
TRUE,bell flower,yellow bellflower,yellow bellflower,
TRUE,bell flown,yellow bellflower,yellow bellflower,
FALSE,(pear) bell l.,(pear) belle lucrative,(pear) belle lucrative,
FALSE,(pear) bell lucrative,(pear) belle lucrative,(pear) belle lucrative,
TRUE,bell's early,sops of wine,sops of wine,
TRUE,belle de boskoop,belle de boskoop,belle de boskoop,
FALSE,(pear) belle et bonne,(pear) belle et bon de hee,(pear) belle et bon de hee,
TRUE,belle flower,yellow bellflower,yellow bellflower,
FALSE,(pear) belle lucrative,(pear) belle lucrative,(pear) belle lucrative,
TRUE,belle n. franklin,,belle of north franklin,
FALSE,(pear) belle of lancaster,(pear) lancaster,(pear) lancaster,
FALSE,(pear) belle sue,,(pear) bell sue,
TRUE,belle's favorite,sops of wine,sops of wine,
TRUE,bellefleur,yellow bellflower,yellow bellflower,
TRUE,belleflower,yellow bellflower,yellow bellflower,
TRUE,bellefluer,yellow bellflower,yellow bellflower,
TRUE,bellfleur,yellow bellflower,yellow bellflower,
TRUE,bellflower,yellow bellflower,yellow bellflower,
TRUE,bells early,sops of wine,sops of wine,
TRUE,bells sweet,sops of wine,sops of wine,
TRUE,belmont,belmont,belmont,
TRUE,belmont beauty,,belmont beauty,
TRUE,ben dares,ben davis,ben davis,
TRUE,ben davis,ben davis,ben davis,
TRUE,benjamin,,benjamin,
FALSE,(pear) benne clairglaw,(pear) beurre clairgeau,(pear) beurre clairgeau,
TRUE,benonah,benoni,benoni,
TRUE,benoni,benoni,benoni,
TRUE,benorie,benoni,benoni,
FALSE,(pear) benson's superfine,(pear) beurre superfin,(pear) beurre superfin,
TRUE,benton,benton red,benton red,
TRUE,benton red,benton red,benton red,
FALSE,(pear) berewe rose,(pear) beurre rose,(pear) beurre rose,
FALSE,(pear) bergamont sylvange,(pear) bergamotte silvange,(pear) bergamotte silvange,
TRUE,betenheines,bietigheimer,bietigheimer,
TRUE,bethal,bethel,bethel,
TRUE,bethel,bethel,bethel,
FALSE,(pear) beune d'anjire,(pear) beurre d'anjou,(pear) beurre d'anjou,
FALSE,(pear) beureayor,(pear) beurre d'anjou,(pear) beurre d'anjou,
FALSE,(pear) beurre bass,(pear) beurre bosc,(pear) beurre bosc,corrected by jack was (pear) buerre bosc
FALSE,(pear) beurre bos,(pear) beurre bosc,(pear) beurre bosc,
FALSE,(pear) beurre bosc,(pear) beurre bosc,(pear) beurre bosc,
FALSE,(pear) beurre clairgeau,(pear) beurre clairgeau,(pear) beurre clairgeau,
FALSE,(pear) beurre clargeau,(pear) beurre clairgeau,(pear) beurre clairgeau,
FALSE,(pear) beurre clarigeau,(pear) beurre clairgeau,(pear) beurre clairgeau,
FALSE,(pear) beurre claugean,(pear) beurre clairgeau,(pear) beurre clairgeau,
FALSE,(pear) beurre d. tryon,,(pear) beurre d. tryon,
FALSE,(pear) beurre d' anjou,(pear) beurre d'anjou,(pear) beurre d'anjou,
FALSE,(pear) beurre d'amalis,(pear) beurre d'amanlis,(pear) beurre d'amanlis,
FALSE,(pear) beurre d'anjou,(pear) beurre d'anjou,(pear) beurre d'anjou,
FALSE,(pear) beurre d'augin,(pear) beurre d'anjou,(pear) beurre d'anjou,
FALSE,(pear) beurre de anjou,(pear) beurre d'anjou,(pear) beurre d'anjou,
FALSE,(pear) beurre de aryon,(pear) beurre d'anjou,(pear) beurre d'anjou,
FALSE,(pear) beurre diel,(pear) beurre diel,(pear) beurre diel,
FALSE,(pear) beurre dill,(pear) beurre diel,(pear) beurre diel,
FALSE,(pear) beurre hardy,(pear) beurre hardy,(pear) beurre hardy,
FALSE,(pear) beurre rose,(pear) beurre rose,(pear) beurre rose,
FALSE,(pear) beurre soldat,(pear) soldat laboureur,(pear) soldat laboureur,
FALSE,(pear) beurre superfine,(pear) beurre superfin,(pear) beurre superfin,
TRUE,beverage,beverage,beverage,
TRUE,bicknell,,bicknell,
TRUE,big ben,,big ben,
TRUE,bismark,bismark,bismark,
TRUE,bitinhammer,bietigheimer,bietigheimer,
TRUE,bitter sweet,bitter sweet crab,bitter sweet crab,
TRUE,bl. b. davis,black ben davis,black ben davis,
TRUE,black,black oxford,black oxford,
TRUE,black apple,black oxford,black oxford,
TRUE,black baldwin,black baldwin,black baldwin,
TRUE,black ben,black ben davis,black ben davis,
TRUE,black ben davis,black ben davis,black ben davis,
TRUE,black fall,,black fall,
TRUE,black gilflower,black gilliflower,black gilliflower,
TRUE,black gilliflower,black gilliflower,black gilliflower,
TRUE,black gilly flower,black gilliflower,black gilliflower,
TRUE,black knox,black oxford,black oxford,
TRUE,black oxford,black oxford,black oxford,
TRUE,black oxofrd,black oxford,black oxford,
TRUE,black russet,,black russet,
TRUE,black russett,,black russet,
TRUE,black sweet,,black sweet,
TRUE,black twig,mammoth black twig,mammoth black twig,
TRUE,black winter,,black winter,
TRUE,blake,blake,blake,
TRUE,blake sweet,,blake sweet,
TRUE,blemans orange,blenheim orange,blenheim orange,
TRUE,blenden pippin,blenheim orange,blenheim orange,
TRUE,blk oxford,black oxford,black oxford,
TRUE,blood pippin,,blood pippin,
TRUE,blood sweet,,blood sweet,
TRUE,bloodstone pippin,ribston pippin,ribston pippin,
TRUE,bloom,bloom,bloom,
TRUE,bloomfield,bloomfield,bloomfield,
TRUE,bloomfield porter,,bloomfield porter,
TRUE,bloomfield's long stem sweet,,bloomfield's long stem sweet,
TRUE,blue bell,,blue bell,
TRUE,blue crab,,blue crab,
TRUE,blue mountain,blue mountain,blue mountain,
TRUE,blue norman,,blue norman,
TRUE,blue oxford,black oxford,black oxford,
TRUE,blue pairmain,blue pearmain,blue pearman,
TRUE,blue paumaid,blue pearmain,blue pearman,
TRUE,blue pear,blue pearmain,blue pearman,
TRUE,blue pear main,blue pearmain,blue pearman,
TRUE,blue pear maine,blue pearmain,blue pearman,
TRUE,blue pearmaide,blue pearmain,blue pearman,
TRUE,blue pearmain,blue pearmain,blue pearmain,
TRUE,blue pearmaine,blue pearmain,blue pearmain,corrected by jack was pearman
TRUE,blue pomane,blue pearmain,blue pearman,
TRUE,bluepearmain,blue pearmain,blue pearmain,corrected by jack was pearman
TRUE,blush,,maiden blush,
TRUE,blushing beauty,,blushing beauty,
TRUE,boardman,boardman,boardman,
TRUE,boiken,boiken,boiken,
FALSE,(pear) boise,(pear) idaho,(pear) idaho,
FALSE,(pear) bonchreteen fondante,(pear) bon chretien fondant,(pear) bon chretien fondant,
FALSE,(pear) bonne d'jersey,(pear) louise bonne de jersey,(pear) louise bonne de jersey,
FALSE,(pear) bonne de jersey,(pear) louise bonne de jersey,(pear) louise bonne de jersey,
FALSE,(pear) bonney de jersey,(pear) louise bonne de jersey,(pear) louise bonne de jersey,
TRUE,booad,,booad,
FALSE,(pear) bosc,(pear) beurre bosc,(pear) beurre bosc,
TRUE,boston apple,,boston apple,
TRUE,boston red,,boston red,
TRUE,boston sweet,,boston sweet,
TRUE,bottle,bottle greening,bottle greening,
TRUE,bottle green,bottle greening,bottle greening,
TRUE,bottle greening,bottle greening,bottle greening,
FALSE,(pear) bouey de jersey,(pear) louise bonne de jersey,(pear) louise bonne de jersey,
FALSE,(pear) boussock,(pear) doyenne boussock,(pear) doyenne boussock,
TRUE,box russet,roxbury russet,roxbury russet,
TRUE,boyd baldwin,,boyd baldwin,
TRUE,brackett,,brackett,
FALSE,(pear) bran jean,(pear) beurre anjou,(pear) beurre anjou,
FALSE,(pear) brandywine,(pear) brandywine,(pear) brandywine,
TRUE,bretegemer,bietigheimer,bietigheimer,
TRUE,bretigheimer,bietigheimer,bietigheimer,
TRUE,bretymany,bietigheimer,bietigheimer,
TRUE,briggs auburn,briggs auburn,briggs auburn,
FALSE,(pear) brinkles orange,,(pear) brinkles orange,
TRUE,broadwell,broadwell,broadwell,
TRUE,brooks favorite,brooks favorite,brooks favorite,
TRUE,brown sweet,,brown sweet,
TRUE,brown's best,,brown's best,
TRUE,brunswick pippin,,brunswick pippin,
TRUE,buck,,buck,
TRUE,buck sweet,,buck sweet,
FALSE,(pear) buell,,(pear) buell,
FALSE,(pear) buerre arigon,(pear) beurre d'anjou,(pear) beurre d'anjou,
FALSE,(pear) buerre charrgean,(pear) beurre clairgeau,(pear) beurre clairgeau,
FALSE,(pear) buerre clairgeau,(pear) beurre clairgeau,(pear) beurre clairgeau,
FALSE,(pear) buerre d'amanlis,(pear) beurre d'amanlis,(pear) beurre d'amanlis,
FALSE,(pear) buerre d'anjou,(pear) beurre d'anjou,(pear) beurre d'anjou,
FALSE,(pear) buerre d'aremburg,(pear) beurre d'aremberg,(pear) beurre d'aremberg,
FALSE,(pear) buerre de anjou,(pear) beurre d'anjou,(pear) beurre d'anjou,
FALSE,(pear) buerre hardy,(pear) beurre hardy,(pear) buerre hardy,corrected by jack  (pear) buerre hardy
FALSE,(pear) buerrer base,(pear) beurre bosc,(pear) beurre bosc,
TRUE,buffalo sweeting,,buffalo sweeting,
FALSE,(pear) buffam,(pear) buffum,(pear) buffum,
FALSE,(pear) buffum,(pear) buffum,(pear) buffum,
TRUE,bullard sweet,,bullard sweet,
TRUE,bumpus,,bumpus,
FALSE,(pear) burbank,,(pear) burbank,
TRUE,burbank beauty,,burbank beauty,
FALSE,(pear) burre d'argou,(pear) beurre d'anjou,(pear) beurre d'anjou,
FALSE,(pear) burre hardy,(pear) burre hardy,(pear) burre hardy,
FALSE,(pear) burred' anjou,(pear) beurre d'anjou,(pear) beurre d'anjou,
FALSE,(pear) buru d. anjou,(pear) beurre d'anjou,(pear) beurre d'anjou,
TRUE,c h russet,kavanaugh russet,kavanaugh russet,
TRUE,c. red streak,twenty ounce,twenty ounce,
TRUE,cab. head russet,kavanaugh russet,kavanaugh russet,
TRUE,calef,calef,calef,
TRUE,caleph sweet,calef,calef,
FALSE,(pear) california,,(pear) california,
TRUE,california,,california,
TRUE,california belleflower,,california belleflower,
TRUE,california pippin,,california pippin,
TRUE,california sweet,,california sweet,
TRUE,caliph,calef,calef,
TRUE,calvert,colvert,colvert,
TRUE,camper's market,cooper market,cooper market,
TRUE,canada,,canada,
TRUE,canada baldwin,canada baldwin,canada baldwin,
TRUE,canada greening,new brunswick greening,new brunswick greening,
TRUE,canada nonesuch,red canada,red canada,
TRUE,canada peach,montreal peach,montreal peach,
TRUE,canada pearmain,,canada pearmain,
TRUE,canada pippin,,canada pippin,
TRUE,canada porter,,canada porter,
TRUE,canada red,red canada,red canada,
TRUE,canada reinett,canada reinette,canada reinette,
TRUE,canada reinsten,canada reinette,canada reinette,
TRUE,canada rennet,canada reinette,canada reinette,
TRUE,canada russet,,canada russet,
TRUE,canada stripe,,canada stripe,
TRUE,canadian baldwin,canada baldwin,canada baldwin,
TRUE,canadian greening,new brunswick greening,new brunswick greening,
TRUE,canadian red,red canada,red canada,
TRUE,cananda red,red canada,red canada,
TRUE,candy red,,candy red,
TRUE,cane pippin,ortley,ortley,
TRUE,canes,gano,gano,
TRUE,cape cod,,cape cod,
FALSE,(pear) capuamount,(pear) beurre capiuamont,(pear) beurre capiuamont,
TRUE,carleton,,carleton,
TRUE,carroll sweet,,carroll sweet,
TRUE,cat head,,cathead,
TRUE,cat head russett,kavanaugh russet,kavanaugh russet,
TRUE,cat-head,,cathead,
TRUE,cathead,,cathead,
TRUE,cathead russet,kavanaugh russet,kavanaugh russet,
TRUE,cathead sweet,,cathead sweet,
TRUE,cathead sweeting,,cathead sweet,
TRUE,catskill,,catskill,
TRUE,cavanaugh,kavanaugh russet,kavanaugh russet,
TRUE,cayuca red,twenty ounce,twenty ounce,
TRUE,cayuga red streak,twenty ounce,twenty ounce,
TRUE,cayuga red stripe,twenty ounce,twenty ounce,
TRUE,centini,,centini,
TRUE,chamberlain,,chamberlain,
TRUE,champion,,champion,
TRUE,chase apple,,chase apple,
TRUE,chase jelly crab,,chase jelly crab,
TRUE,chase's jelly crab,,chase jelly crab,
FALSE,(pear) chelmsford,(pear) chelmsford,(pear) chelmsford,
TRUE,chenango strakeberry,chenango strawberry,chenango strawberry,
TRUE,chenango strawberry,chenango strawberry,chenango strawberry,
TRUE,cherry crab,cherry crab,cherry crab,
TRUE,chestnut,,chestnut,
TRUE,chick's red,chick's red,chick's red,
TRUE,children's choice,,childrens choice,
TRUE,china,,china,
TRUE,christmas sweet,,christmas sweet,
TRUE,chute,,chute,
TRUE,cinch greening,,cinch greening,
FALSE,(pear) clairgeau,(pear) beurre clairgeau,(pear) beurre clairgeau,
FALSE,(pear) clajeris favorite,(pear) clapp favorite,(pear) clapp favorite,
FALSE,(pear) clap's favorite,(pear) clapp favorite,(pear) clapp favorite,
FALSE,(pear) clapp favorite,(pear) clapp favorite,(pear) clapp favorite,
FALSE,(pear) clapp's favorite,(pear) clapp favorite,(pear) clapp favorite,
FALSE,(pear) clapps,(pear) clapp favorite,(pear) clapp favorite,
FALSE,(pear) clapps favorite,(pear) clapp favorite,(pear) clapp favorite,
TRUE,clark,clark,clark,
TRUE,clark sweet,,clark sweet,
TRUE,clark's favorite,,clarks favorite,
TRUE,clarke,,clarke,
FALSE,(pear) cleaga,(pear) beurre clairgeau,(pear) beurre clairgeau,
FALSE,(pear) clerga,(pear) beurre clairgeau,(pear) beurre clairgeau,
TRUE,clie's beauty,clyde,clyde,
TRUE,cluster crab,cluster crab,cluster crab,
TRUE,clyde beauty,clyde,clyde,
TRUE,cobert,colvert,colvert,
TRUE,coburn sweet,,coburn sweet,
TRUE,codling,,codling,
TRUE,colcord sweet,colcord sweet,colcord sweet,
TRUE,cole quince,cole quince,cole quince,
TRUE,cole's quince,cole quince,cole quince,
TRUE,collins,collins,collins,
TRUE,colooct,,colooct,
TRUE,color quince,cole quince,cole quince,
TRUE,columbus,columbus,columbus,
TRUE,colvert,colvert,colvert,
TRUE,common cathead,,common cathead,
TRUE,common russet,,common russet,
TRUE,common russets,,common russet,
TRUE,common sweet,,common sweet,
TRUE,concord,,concord,
TRUE,congress,congress,congress,
FALSE,(pear) congress,(pear) souvenir de congress,(pear) souvenir du congress,
TRUE,connecticut greening,,connecticut greening,
TRUE,connecticut king,,connecticut king,
TRUE,connecticut winter sweet,,connecticut winter sweet,
TRUE,cony sweet,,cony sweet,
TRUE,cook,cook,cook,
TRUE,cook's sweet,,cook's sweet,
TRUE,cooper market,cooper market,cooper market,
TRUE,cooper's market,cooper market,cooper market,
TRUE,coopers market,cooper market,cooper market,
TRUE,corn field apples,,corn field apple,
TRUE,corn sweet,,corn sweet,
TRUE,corner apple,,corner apple,
TRUE,cornish greening,,cornish greening,
TRUE,cortland,cortland,cortland,
FALSE,(pear) corvenere de aneress,(pear) souvenir de congress,(pear) souvenir de congress,
TRUE,cowel,,cowel,
TRUE,craig's pearmain,,craigs pearmain,
TRUE,cranberry,cranberry pippin,cranberry pippin,
TRUE,cranberry crab,cranberry crab,cranberry crab,
TRUE,cranberry pippin,cranberry pippin,cranberry pippin,
TRUE,crane pippin,ortley,ortley,
TRUE,cream yellow,,cream yellow,
TRUE,creased apple,,creased apple,
TRUE,crimson beauty,crimson beauty,crimson beauty,
TRUE,cross orange,,cross orange,
TRUE,crow sweet,,crow sweet,
TRUE,crown apple,,crown apple,
TRUE,crystal beauty,crystal beauty,crystal beauty,
TRUE,cubfola,,cubfola,
TRUE,culvert,colvert,colvert,
TRUE,cummings,,cummings,
TRUE,cummings greening,,cummings greening,
TRUE,cummings sweet,cummings sweet,cummings sweet,
TRUE,cuthbert,hurlbut,hurlbut,
TRUE,cuthburt,hurlbut,hurlbut,
FALSE,(pear) d'anjou,(pear) beurre d'anjou,(pear) beurre d'anjou,
TRUE,daily sweet,,daily sweet,
TRUE,dakota red,detroit red,detroit red,
TRUE,daldenburg,duchess of oldenburg,duchess of oldenburg,
FALSE,(pear) dampe,,(pear) dampe,
FALSE,(pear) dana's hovey,(pear) dana hovey,(pear) dana hovey,
TRUE,dano,gano,gano,
TRUE,danver's winter sweet,danvers winter sweet,danvers winter sweet,
TRUE,danvers,danvers winter sweet,danvers winter sweet,
TRUE,danvers sweet,danvers winter sweet,danvers winter sweet,
TRUE,danvers winter sweet,danvers winter sweet,danvers winter sweet,
TRUE,danyon,,danyon,
TRUE,davis,,davis,
FALSE,(pear) de angean,(pear) beurre d'anjou,(pear) beurre d'anjou,
FALSE,(pear) de anjou,(pear) beurre d'anjou,(pear) beurre d'anjou,
FALSE,(pear) de tanga,,(pear) de tanga,
TRUE,dean,deane,deane,
TRUE,deane,deane,deane,
TRUE,deceiver,,deceiver,
TRUE,delaware,lawver,lawver,
TRUE,deleware red winter,lawver,lawver,
TRUE,delicious,red delicious,red delicious,
TRUE,derby pippin,derby pippin,derby pippin,
TRUE,detroit,detroit red,detroit red,
TRUE,dian,,dian,
TRUE,doctor brooks,,doctor brooks,
TRUE,dodd,,dodd,
TRUE,dollar apple,,dollar apple,
TRUE,dominie,domine,domine,
TRUE,domino,domine,domine,
FALSE,(pear) donne bussock,(pear) doyenne boussock,(pear) doyenne boussock,
FALSE,(pear) dorset,(pear) dorset,(pear) dorset,
TRUE,double gill flower,,double gilliflower,
TRUE,dover favorites,,dover favorite,
FALSE,(pear) doyen white,(pear) white doyenne,(pear) white doyenne,
FALSE,(pear) doyenne,,(pear) doyenne,
FALSE,(pear) doyenne bosc,(pear) beurre bosc,(pear) beurre bosc,
FALSE,(pear) doyenne boussock,(pear) doyenne boussock,(pear) doyenne boussock,
FALSE,(pear) doyenne d'ete,(pear) summer doyenne,(pear) summer doyenne,
FALSE,(pear) doynne bosworth,(pear) doyenne boussock,(pear) doyenne boussock,
TRUE,drap d'or,drap d'or,drap d'or,
TRUE,duchess,duchess of oldenburg,duchess of oldenburg,
FALSE,(pear) duchess,,(pear) duchesse,
FALSE,(pear) duchess angouleme,(pear) duchesse d'angouleme,(pear) duchesse d'angouleme,
FALSE,(pear) duchess d' angouleme,(pear) duchesse d'angouleme,(pear) duchesse d'angouleme,
FALSE,(pear) duchess d'anglorinne,(pear) duchesse d'angouleme,(pear) duchesse d'angouleme,
FALSE,(pear) duchess d'angouleme,(pear) duchesse d'angouleme,(pear) duchesse d'angouleme,
FALSE,(pear) duchess d'angoulleme,(pear) duchesse d'angouleme,(pear) duchesse d'angouleme,
FALSE,(pear) duchess d'augouleme,(pear) duchesse d'angouleme,(pear) duchesse d'angouleme,
FALSE,(pear) duchess de angouleme,(pear) duchesse d'angouleme,(pear) duchesse d'angouleme,
FALSE,(pear) duchess de angouline,(pear) duchesse d'angouleme,(pear) duchesse d'angouleme,
FALSE,(pear) duchess de argouline,(pear) duchesse d'angouleme,(pear) duchesse d'angouleme,
FALSE,(pear) duchess de beaux,(pear) duchesse de bordeaux,(pear) duchesse de bordeaux,
FALSE,(pear) duchess de bordeaux,(pear) duchesse de bordeaux,(pear) duchesse de bordeaux,
FALSE,(pear) duchess dongleme,(pear) duchesse d'angouleme,(pear) duchesse d'angouleme,
FALSE,(pear) duchess of berdsay,(pear) duchesse de bordeaux,(pear) duchesse de bordeaux,
FALSE,(pear) duchess of bordeaux,(pear) duchesse de bordeaux,(pear) duchesse de bordeaux,
TRUE,duchess of columbia,,duchess of columbia,
TRUE,duchess of odenburg,duchess of oldenburg,duchess of oldenburg,
TRUE,duchess of oldenberg,duchess of oldenburg,duchess of oldenburg,
TRUE,duchess of oldenbirg,duchess of oldenburg,duchess of oldenburg,
TRUE,duchess of oldenburg,duchess of oldenburg,duchess of oldenburg,
TRUE,duchess of oldenburgh,duchess of oldenburg,duchess of oldenburg,
TRUE,duchess oldenberg,duchess of oldenburg,duchess of oldenburg,
TRUE,duchess oldenburg,duchess of oldenburg,duchess of oldenburg,
TRUE,duchess oldensburg,duchess of oldenburg,duchess of oldenburg,
TRUE,duchess pearmain,,duchess pearmain,
FALSE,(pear) duchesse,,(pear) duchesse,
FALSE,(pear) duchesse d'angouleme,(pear) duchesse d'angouleme,(pear) duchesse d'angouleme,
FALSE,(pear) duchesse de angonleme,(pear) duchesse d'angouleme,(pear) duchesse d'angouleme,
FALSE,(pear) duchesse de bordeaux,,(pear) duchesse de bordeaux,
TRUE,duchesse de ogdensburg,duchess of oldenburg,duchess of oldenburg,
TRUE,dudley,dudley winter,dudley winter,
TRUE,dudley winter,dudley winter,dudley winter,
TRUE,dudley's winter,dudley winter,dudley winter,
TRUE,duke of argola,,duke of argola,
FALSE,(pear) dunmore,(pear) dunmore,(pear) dunmore,
TRUE,dunning,,dunning,
TRUE,dutch codlin,dutch codlin,dutch codlin,
TRUE,dutch coudle,dutch codlin,dutch codlin,
TRUE,dutchess,duchess of oldenburg,duchess of oldenburg,
FALSE,(pear) dutchess,,(pear) duchesse,
FALSE,(pear) dutchess de angulene,(pear) duchesse d'angouleme,(pear) duchesse d'angouleme,
FALSE,(pear) dutchess dwarf,,(pear) duchesse dwarf,
TRUE,dutchess of oldenburg,duchess of oldenburg,duchess of oldenburg,
TRUE,dwarf,,dwarf,
TRUE,dwarf baldwin,,dwarf baldwin,
TRUE,dyer,dyer,dyer,
TRUE,"e, russett",english russet,english russet,
TRUE,eagle,eagle,eagle,
TRUE,early august,,early august,
TRUE,early augusta,,early augusta,
TRUE,early autumn,,early autumn,
TRUE,early bell,,sops of wine,
TRUE,early bellflower,,early bellflower,
TRUE,early bloomfield,,early bloomfield,
TRUE,early blossom,,early blossom,
TRUE,early bough,sweet bough,sweet bough,
TRUE,early favorite,,early favorite,
TRUE,early harvest,early harvest,early harvest,
TRUE,early harvey,early harvey,early harvey,
TRUE,early jenneting,,early jenneting,
TRUE,early jennetting,,early jenneting,
TRUE,early joe,early joe,early joe,
TRUE,early mcintosh,,early mcintosh,
TRUE,early printon,,early printon,
TRUE,early roxbury daggett,,early roxbury russet,
TRUE,early russet,,early russet,
TRUE,early russian,,early russian,
TRUE,early scarlet,early scarlet,early scarlet,
TRUE,early sour,,early sour,
TRUE,early strawberry,early strawberry,early strawberry,
TRUE,early summer,,early summer,
TRUE,early sweet,,early sweet,
TRUE,early sweet bough,sweet bough,sweet bough,
TRUE,early transparent,yellow transparent,yellow transparent,
TRUE,early twin,,early twin,
TRUE,early william,williams favorite,williams favorite,
TRUE,early williams,williams favorite,williams favorite,
TRUE,early winter,,early winter,
FALSE,(pear) easter beune,(pear) easter beurre,(pear) easter beurre,
FALSE,(pear) eastern bell,(pear) eastern belle,(pear) eastern belle,
FALSE,(pear) eastern belle,(pear) eastern belle,(pear) eastern belle,
FALSE,(pear) eastern queen,,(pear) eastern queen,
TRUE,eaton sweet,,eaton sweet,
TRUE,eatsom,,eatsom,
TRUE,eden beauty,eden beauty,eden beauty,
FALSE,(pear) edgecomb favorite,,(pear) edgecomb favorite,
FALSE,(pear) edmond's autumn,(pear) edmonds,(pear) edmonds,
TRUE,eight ounce pippin,deane,deane,
TRUE,eldorado russet,,eldorado russet,
TRUE,eleren pippin,,eleren pippin,
TRUE,elizabeth,elizabeth,elizabeth,1
TRUE,elkhorn,elkhorn,elkhorn,
TRUE,emerson,,emerson,
TRUE,emperor,alexander,alexander,
TRUE,english,,english,
TRUE,english graft,,english graft,
TRUE,english greening,,english greening,
TRUE,english oxford,,english oxford,
TRUE,english russet,english russet,english russet,
TRUE,english russett,english russet,english russet,
TRUE,english sweet,ramsdell sweet,ramsdell sweet,
TRUE,esvalt,ewalt,ewalt,
TRUE,eureka red streak,twenty ounce,twenty ounce,
TRUE,eve's,,eve's,
TRUE,exalder,alexander,alexander,
TRUE,excelsior,excelsior crab,excelsior crab,
TRUE,excelsior crab,excelsior crab,excelsior crab,
TRUE,fairbanks,fairbanks,fairbanks,
TRUE,fairbanks sweet,,fairbanks sweet,
TRUE,falawater,fallawater,fallawater,
TRUE,fall baldwin,kilham hill,kilham hill,
TRUE,fall favorite,,fall favorite,
TRUE,fall genetin,fall jenneting,fall jenneting,
TRUE,fall geneting,fall jenneting,fall jenneting,
TRUE,fall genetting,fall jenneting,fall jenneting,
TRUE,fall genitan,fall jenneting,fall jenneting,
TRUE,fall genneting,fall jenneting,fall jenneting,
TRUE,fall gentian,fall jenneting,fall jenneting,
TRUE,fall gravenstein,gravenstein,gravenstein,
TRUE,fall greening,fall harvey,fall harvey,
TRUE,fall harvest,fall harvey,fall harvey,
TRUE,fall harvey,fall harvey,fall harvey,
TRUE,fall harvey greening,fall harvey,fall harvey,
TRUE,fall hubbardston,,fall hubbardston,
TRUE,fall janet,fall jenneting,fall jenneting,
TRUE,fall jannetting,fall jenneting,fall jenneting,
TRUE,fall jeanetting,fall jenneting,fall jenneting,
TRUE,fall jeaniting,fall jenneting,fall jenneting,
TRUE,fall jenettan,fall jenneting,fall jenneting,
TRUE,fall jenetting,fall jenneting,fall jenneting,
TRUE,fall jenneting,fall jenneting,fall jenneting,
TRUE,fall jennett,fall jenneting,fall jenneting,
TRUE,fall jennetting,fall jenneting,fall jenneting,
TRUE,fall jenning,fall jenneting,fall jenneting,
TRUE,fall orange,fall orange,fall orange,
TRUE,fall pippin,fall pippin,fall pippin,
TRUE,fall porter,porter,porter,
TRUE,fall river,fallawater,fallawater,
TRUE,fall russett,,fall russet,
TRUE,fall spy,fall spy,fall spy,
TRUE,fall strawberry,late strawberry,late strawberry,
TRUE,fall sweet,,fall sweet,
TRUE,fall sweet russet,,fall sweet russet,
TRUE,fall sweet russett,,fall sweet russet,
TRUE,fall sweeting,,fall sweet,
TRUE,fall talman,,fall tolman,
TRUE,fall water,fallawater,fallawater,
TRUE,falla water,fallawater,fallawater,
TRUE,fallawater,fallawater,fallawater,
TRUE,falley water,fallawater,fallawater,
TRUE,fallow water,fallawater,fallawater,
TRUE,fallowater,fallawater,fallawater,
TRUE,fallsweather,fallawater,fallawater,
TRUE,fallwater,fallawater,fallawater,
TRUE,falmouth pippin,,falmouth pippin,
TRUE,falmouth sweet,,falmouth sweet,
TRUE,fameuse,fameuse,fameuse,
TRUE,famous blue,,famous blue,
TRUE,famouse,fameuse,fameuse,
TRUE,famuese,fameuse,fameuse,
TRUE,famuse,fameuse,fameuse,
TRUE,farmease,fameuse,fameuse,
TRUE,farmer's,,farmer's,
TRUE,farmer's apple,,farmer's apple,
TRUE,farmer's beauty,,farmer's beauty,
TRUE,farmer's reward,,farmer's reward,
TRUE,farmeuse,fameuse,fameuse,
TRUE,farnes,,farnes,
TRUE,faus apple,,faus apple,
FALSE,(pear) favorite,(pear) clapp favorite,(pear) clapp favorite,
TRUE,favorite,,favorite,1
TRUE,feares,,feares,
TRUE,fesset,,fesset,
TRUE,finch tree,,finch tree,
TRUE,fisher,,fisher,
TRUE,fishkill,fishkill,fishkill,
TRUE,fishpiller,fishkill,fishkill,
TRUE,fitchburg,,fitchburg,
TRUE,flanders,garland,garland,
TRUE,flanders favorite,garland,garland,
TRUE,flaxon vixon,,flaxon vixon,
FALSE,(pear) flemish beauty,(pear) flemish beauty,(pear) flemish beauty,
TRUE,fletcher sweet,fletcher sweet,fletcher sweet,
FALSE,(pear) florence,,(pear) florence,
TRUE,flushing spitsbergen,flushing spitzenberg,flushing spitzenberg,
TRUE,forbes favorite,,forbes favorite,
TRUE,forest favorite,,forest favorite,
TRUE,forsett graft,,forsett graft,
TRUE,foundling,foundling,foundling,
TRUE,fountain,,fountain,
TRUE,franeuse,fameuse,fameuse,
TRUE,franklin,franklin sweet,franklin sweet,
TRUE,franklin sweet,franklin sweet,franklin sweet,
TRUE,franklin sweeting,franklin sweet,franklin sweet,
TRUE,franklin sweeting (red),,franklin sweeting (red),
TRUE,franklin sweeting (striped),franklin sweet,franklin sweet,
FALSE,(pear) frederick clapp,(pear) frederick clapp,(pear) frederick clapp,
FALSE,(pear) fredric clapp,(pear) frederick clapp,(pear) frederick clapp,
TRUE,freemont,fremont,fremont,
TRUE,fremont,fremont,fremont,
TRUE,french crab,french crab,french crab,
TRUE,french dwarf,french paradise,french paradise,
FALSE,(pear) french pear,,(pear) french pear,
TRUE,french pearmain,autumn pearmain,autumn pearmain,
TRUE,french pippin,french pippin,french pippin,
TRUE,french pomane,autumn pearmain,french pearmain,
TRUE,french russet,kavanaugh russet,kavanaugh russet,
TRUE,french sweet,french sweet,french sweet,
TRUE,frye,frye,frye,
TRUE,frye apple,frye,frye,
TRUE,fullawater,fallawater,fallawater,
TRUE,fullman sweet,tolman sweet,tolman sweet,
FALSE,(pear) fulton,(pear) fulton,(pear) fulton,
TRUE,g mountain,,g mountain,
TRUE,gale's pippin,,gale's pippin,
TRUE,galveston,,galveston,
TRUE,gana,gano,gano,
TRUE,gance,gano,gano,
TRUE,gang,gano,gano,
TRUE,gano,gano,gano,
TRUE,gans,gano,gano,
FALSE,(pear) garber,(pear) garber,(pear) garber,
TRUE,garden,,garden,
TRUE,garden apple,,garden,
TRUE,garden beauty,,garden beauty,
TRUE,garden flat,,garden flat,
TRUE,garden fruit,,garden fruit,
TRUE,garden graft,,garden graft,
TRUE,garden pippin,,garden pippin,
TRUE,garden rosy,garden royal,garden royal,
TRUE,garden royal,garden royal,garden royal,
TRUE,garden spice,,garden spice,
TRUE,garden sweet,garden sweet,garden sweet,
TRUE,gardiner sweet,gardner sweet,gardner sweet,
TRUE,gardner,gardner sweet,gardner sweet,
TRUE,gardner sweet,gardner sweet,gardner sweet,
TRUE,geenating,fall jenneting,fall jenneting,
TRUE,gen ex,,gen ex,
TRUE,gen. grant,general grant crab,general grant crab,
TRUE,genatin,fall jenneting,fall jenneting,
TRUE,general grant,general grant crab,general grant crab,
TRUE,genetian,fall jenneting,fall jenneting,
TRUE,genetin,fall jenneting,fall jenneting,
TRUE,geneton,fall jenneting,fall jenneting,
TRUE,genettie,fall jenneting,fall jenneting,
TRUE,genettin,fall jenneting,fall jenneting,
TRUE,genetting,fall jenneting,fall jenneting,
TRUE,geneva pippin,geneva,geneva,
TRUE,genitan,fall jenneting,fall jenneting,
TRUE,genitin,fall jenneting,fall jenneting,
TRUE,geniton,fall jenneting,fall jenneting,
TRUE,genneting,fall jenneting,fall jenneting,
TRUE,gennett,fall jenneting,fall jenneting,
TRUE,gennetts,fall jenneting,fall jenneting,
TRUE,genniting,fall jenneting,fall jenneting,
TRUE,genting,fall jenneting,fall jenneting,
FALSE,(pear) georgia,,(pear) georgia,
TRUE,germaine,,germaine,
TRUE,german prince,,german prince,
TRUE,german red,,german red,
TRUE,germantown,,germantown,
TRUE,ghanvres,,ghanvres,
TRUE,giant beauty,granite beauty,granite beauty,
TRUE,gibson sweet,,gibson sweet,
TRUE,gideon,gideon,gideon,
TRUE,gilden beauty,,golden beauty,
TRUE,gile flower,black gilliflower,black gilliflower,
TRUE,gilflower,black gilliflower,black gilliflower,
TRUE,gilford sweet,,gilford sweet,
TRUE,gill flower,black gilliflower,black gilliflower,
TRUE,gillaflower,black gilliflower,black gilliflower,
TRUE,gilley flower,black gilliflower,black gilliflower,
TRUE,gillflower,black gilliflower,black gilliflower,
TRUE,gillieflower,black gilliflower,black gilliflower,
TRUE,gilliflower,black gilliflower,black gilliflower,
TRUE,gilly flower,black gilliflower,black gilliflower,
TRUE,gillyflower,black gilliflower,black gilliflower,
TRUE,girflin apple,,girflin apple,
TRUE,glori mundi,gloria mundi,gloria mundi,
TRUE,gloria munch,gloria mundi,gloria mundi,
TRUE,gloria mundi,gloria mundi (of maine),gloria mundi (of maine),
TRUE,gloria mundy,gloria mundi,gloria mundi,
FALSE,(pear) glout morceau,(pear) glout morceu,(pear) glout morceu,
TRUE,goddard,,goddard,1
TRUE,goding royal,garden royal,garden royal,
TRUE,gold ball,golden ball,golden ball,
TRUE,golden,,golden,
TRUE,golden ball,golden ball,golden ball,
TRUE,golden beauty,,golden beauty,
TRUE,golden bell,golden ball,golden ball,
TRUE,golden crab,,golden crab,
TRUE,golden crown,,golden crown,
TRUE,golden delicious,yellow delicious,yellow delicious,
TRUE,golden duchess,,golden duchess,
TRUE,golden flower,,golden flower,
TRUE,golden greening,,golden greening,
TRUE,golden harvest,,golden harvest,
TRUE,golden orb,golden ball,golden ball,
TRUE,golden pearmain,,golden pearmain,
TRUE,golden pippin,,golden pippin,
TRUE,golden porter,,golden porter,
TRUE,golden royal,garden royal,garden royal,
TRUE,golden russet,,golden russet,
TRUE,golden russett,,golden russet,
TRUE,golden russett quince,,golden russet quince,
TRUE,golden sweet,golden sweet,golden sweet,
TRUE,golden transparent,yellow transparent,yellow transparent,
TRUE,good minister,minister,minister,
FALSE,(pear) goodale,(pear) goodale,(pear) goodale,
FALSE,(pear) goodell,(pear) goodale,(pear) goodale,
TRUE,goodrich,,goodrich,1
TRUE,gordon russet,,golden russet,
TRUE,gott apple,,gott apple,
TRUE,gould's king,,gould's king,
TRUE,governor,governor,governor,
TRUE,graden pippin,,golden pippin,
FALSE,(pear) grand isle,(pear) grand isle,(pear) grand isle,
TRUE,grand sachem,detroit red,detroit red,
TRUE,grandmother,grandmother,grandmother,
TRUE,granit beauty,granite beauty,granite beauty,
TRUE,granite,granite beauty,granite beauty,
TRUE,granite beauty,granite beauty,granite beauty,
TRUE,graton pippin,,graton pippin,
TRUE,graveline,gravenstein,gravenstein,
TRUE,gravenstein,gravenstein,gravenstein,
TRUE,gravenstine,gravenstein,gravenstein,
TRUE,graveston,gravenstein,gravenstein,
TRUE,gray russet,pomme grise,pomme grise,
TRUE,great eastern,gravenstein,gravenstein,
TRUE,green,,green,
TRUE,green baldwin,,green baldwin,
TRUE,green cooking,,green cooking,
TRUE,green mountain,,green mountain,
TRUE,green russet,,green russet,
TRUE,green sweet,green sweet,green sweet,
TRUE,greening,,greening,
TRUE,grey pippin,,grey pippin,
TRUE,grey russet,pomme grise,pomme grise,
TRUE,grimace,,grimace,
TRUE,grime's golden,grimes golden,grimes golden,
TRUE,grimes,grimes golden,grimes golden,
TRUE,grimes golden,grimes golden,grimes golden,
TRUE,grimes golden pippin,grimes golden,grimes golden,
TRUE,grimes' golden,grimes golden,grimes golden,
TRUE,guiner golden,grimes golden,grimes golden,
TRUE,gum golden,,gum golden,
TRUE,gurnthay,,gurnthay,
TRUE,gurrington,,gurrington,
TRUE,gushee,gushee,gushee,
TRUE,h. nonesuch,hubbardston nonesuch,hubbardston nonesuch,
TRUE,h. top sweet,hightop sweet,hightop sweet,
TRUE,haar,haas,haas,
TRUE,haas,haas,haas,
TRUE,hacked apple,,hacked apple,
TRUE,halbert,hurlbut,hurlbut,
TRUE,hallowell pippin,,hallowell pippin,
TRUE,hamilton graft,,hamilton graft,
TRUE,hard to beat,,hard to beat,
TRUE,harding,,harding,
FALSE,(pear) hardy,(pear) beurre hardy,(pear) beurre hardy,
TRUE,hardy,,hardy,1
TRUE,hardy greening,,hardy greening,
TRUE,hardy sweet,,hardy sweet,
TRUE,hardy's winter,,hardy's winter,
TRUE,hart's,,hart's,
TRUE,hart's red,,hart's red,
TRUE,hartford,,hartford sweet,
TRUE,hartford sweet,,hartford sweet,
TRUE,harvard,,harvard,
TRUE,harvest,,early harvest,
TRUE,harvest greenings,fall harvey,fall harvey,
TRUE,harvest queen,,harvest queen,
TRUE,harvest sweet,,harvest sweet,
TRUE,harvey,fall harvey,fall harvey,
TRUE,harvey apple,fall harvey,fall harvey,
TRUE,harvey greening,fall harvey,fall harvey,
TRUE,harvey sweet,,harvey sweet,
TRUE,haskell sweet,haskell sweet,haskell sweet,
TRUE,hass,haas,hass,
TRUE,hautboy,,hautboy,
TRUE,hawley,hawley,hawley,
TRUE,hawthawden,,hawthornden,
TRUE,hawthornden,,hawthornden,
TRUE,hay boy,hayboys,hayboys,
TRUE,hayford's sour,hayford sour,hayford sour,
TRUE,hayford's sweet,hayford sweet,hayford sweet,
TRUE,haynes sweet,haynes sweet,haynes sweet,
TRUE,head russet,kavanagh russet,kavanagh russet,
TRUE,henderson sweet,hendrick,hendrick,
TRUE,hendrick's sweet,hendrick,hendrick,
TRUE,henrietta sweet,,henrietta sweet,
TRUE,herlbert,hurlbut,hurlbut,
TRUE,herrman's favorite,,herrman's favorite,
TRUE,hersey greening,,hersey greening,
TRUE,hess,,hess,
TRUE,hibbs,gibbs crab,gibbs crab,
TRUE,higgins greening,,higgins greening,
TRUE,high sweet,hightop sweet,hightop sweet,
TRUE,high top sweet,hightop sweet,hightop sweet,
TRUE,high top sweeting,hightop sweet,hightop sweet,
TRUE,high-top sweet,hightop sweet,hightop sweet,
TRUE,hightop,hightop sweet,hightop sweet,
TRUE,hightop sweet,hightop sweet,hightop sweet,
TRUE,hightop sweeting,hightop sweet,hightop sweet,
TRUE,hilton,,hilton,
TRUE,hislop crab,hyslop crab,hyslop crab,
FALSE,(pear) hobbs favorite,(pear) hobbs favorite,(pear) hobbs favorite,
TRUE,hobbs' best crab,hobbs best crab,hobbs best crab,
TRUE,holland pippin,,holland pippin,
TRUE,holly,,holly,
TRUE,holly water,fallawater,fallawater,
TRUE,holman russet,holman russet,holman russet,
TRUE,holman's russet,holman russet,holman russet,
TRUE,home sweet,holmes sweet,holmes sweet,
TRUE,honey,,honey,
TRUE,honey pink,honey pink,honey pink,
TRUE,honey sweet,honey sweet,honey sweet,
FALSE,(pear) honey sweet,,(pear) honey sweet,1
TRUE,horther,mother,mother,
TRUE,houdan,,houdan,1
TRUE,house,,house,1
TRUE,houston,,houston,1
TRUE,howe,winthrop greening,winthrop greening,
FALSE,(pear) howell,(pear) howell,(pear) howell,
FALSE,(pear) howell winter,,(pear) howell winter,
TRUE,hoyt,hoyt,hoyt,
TRUE,hoyt sweet,hoyt,hoyt,
TRUE,hoyt's sweet,hoyt,hoyt,
TRUE,hub. non.,hubbardston nonesuch,hubbardston nonesuch,
TRUE,hub. nonesuch,hubbardston nonesuch,hubbardston nonesuch,
TRUE,hub. nonsuch,hubbardston nonesuch,hubbardston nonesuch,
TRUE,hubbard,hubbardston nonesuch,hubbardston nonesuch,
FALSE,(pear) hubbard,,(pear) hubbard,
TRUE,hubbard nonesuch,hubbardston nonesuch,hubbardston nonesuch,
TRUE,hubbardson,hubbardston nonesuch,hubbardston nonesuch,
TRUE,hubbardson nonsuch,hubbardston nonesuch,hubbardston nonesuch,
TRUE,hubbardson's nonsuch,hubbardston nonesuch,hubbardston nonesuch,
TRUE,hubbardstein,hubbardston nonesuch,hubbardston nonesuch,
TRUE,hubbardsten,hubbardston nonesuch,hubbardston nonesuch,
TRUE,hubbardston,hubbardston nonesuch,hubbardston nonesuch,
TRUE,hubbardston none such,hubbardston nonesuch,hubbardston nonesuch,
TRUE,hubbardston nonesuch,hubbardston nonesuch,hubbardston nonesuch,
TRUE,hubbardston nonsuch,hubbardston nonesuch,hubbardston nonesuch,
TRUE,hubbardston's nonesuch,hubbardston nonesuch,hubbardston nonesuch,
TRUE,hubbardstone,hubbardston nonesuch,hubbardston nonesuch,
TRUE,hubbardstons nonesuch,hubbardston nonesuch,hubbardston nonesuch,
TRUE,hubertson monarch,hubbardston nonesuch,hubbardston nonesuch,
TRUE,hulbert,hurlbut,hurlbut,
TRUE,hungarian crab,,hungarian crab,
TRUE,hunt russet,hunt russet,hunt russet,
TRUE,hunt russett,hunt russet,hunt russet,
TRUE,hunt's red,,hunt's red,
TRUE,hunter,,hunter,
TRUE,hurbert,hurlbut,hurlbut,
TRUE,hurlbert,hurlbut,hurlbut,
TRUE,hurlbert stripe,hurlbut,hurlbut,
TRUE,hurlburt,hurlbut,hurlbut,
TRUE,hurlbut,hurlbut,hurlbut,
TRUE,hurlebut,hurlbut,hurlbut,
TRUE,huston pippin,,huston pippin,
TRUE,hyslop,hyslop crab,hyslop crab,
TRUE,hyslop crab,hyslop crab,hyslop crab,
TRUE,hyslops crab,hyslop crab,hyslop crab,
TRUE,hysop crab,hyslop crab,hyslop crab,
TRUE,hyssop crab,hyslop crab,hyslop crab,
FALSE,(pear) idaho,(pear) idaho,(pear) idaho,
TRUE,imperial,,imperial,
TRUE,imperial sweet,,imperial sweet,
TRUE,improved ben davis,,improved ben davis,
TRUE,improved fameuse,,improved fameuse,
TRUE,improved greening,,improved greening,
TRUE,improved pumpkin sweet,,improved pumpkin sweet,
FALSE,(pear) indian queen,(pear) indian queen,(pear) indian queen,
TRUE,ingalls,,ingalls,
TRUE,iron ball,,iron ball,
TRUE,iron clad greening,,iron clad greening,
TRUE,ironstone,ironstone,ironstone,
TRUE,italian russet,italian russet,italian russet,
TRUE,jabe,jabe,jabe,
TRUE,jack sweet,,jack sweet,
TRUE,jackson greening,,jackson greening,
TRUE,jackson sweet,,jackson sweet,
TRUE,jacksons best,jacksons best,jacksons best,
TRUE,jacob sweet,jacob sweet,jacob sweet,
TRUE,jacob's sweet,jacob sweet,jacob sweet,
TRUE,jacobs sweet,jacob sweet,jacob sweet,
TRUE,janetting,fall jenneting,fall jenneting,
TRUE,janettion,fall jenneting,fall jenneting,
TRUE,january russet,,january russet,
TRUE,jeanetting,fall jenneting,fall jenneting,
TRUE,jeannette,fall jenneting,fall jenneting,
TRUE,jeffries,jeffries,jeffries,
TRUE,jelley flower,black gilliflower,black gilliflower,
TRUE,jelliflower,black gilliflower,black gilliflower,
TRUE,jelly apple,black gilliflower,black gilliflower,
TRUE,jelly crab,chases jelly crab,chases jelly crab,
TRUE,jelly flower,black gilliflower,black gilliflower,
TRUE,jenetin,fall jenneting,fall jenneting,
TRUE,jennet's red,jewett fine red,jewett fine red,
TRUE,jennetting,fall jenneting,fall jenneting,
TRUE,jenny swett,jersey sweet,jersey sweet,
TRUE,jersey,,jersey,
TRUE,jersey crab,jersey crab,jersey crab,
TRUE,jersey greening,,jersey greening,
TRUE,jersey pippin,,jersey pippin,
TRUE,jersey sweet,jersey sweet,jersey sweet,
TRUE,jersey sweeting,jersey sweet,jersey sweet,
TRUE,jewett's fine red,jewett fine red,jewett fine red,
TRUE,jewetts,jewett fine red,jewett fine red,
TRUE,jilliflower,black gilliflower,black gilliflower,
TRUE,jilly flower,black gilliflower,black gilliflower,
TRUE,jillyflower,black gilliflower,black gilliflower,
TRUE,joe sweet,,joe sweet,
TRUE,johnson russet,johnson russet,johnson russet,
TRUE,jonathan,jonathan,jonathan,
TRUE,jonathan sweet,jonathan,jonathan,
TRUE,jordan sweet,,jordan sweet,
TRUE,joseph's choice,,joseph's choice,
TRUE,joshua sweet,,joshua sweet,
TRUE,judy sweet,judy,judy,
FALSE,(pear) julienne,,(pear) julienne,
TRUE,jumbo,,jumbo,
TRUE,juneating,fall jenneting,fall jenneting,
TRUE,justin,,justin,
TRUE,kalm hill,kilham hill,kilham hill,
TRUE,kaneas red,arkansas red,arkansas red,
TRUE,kavanagh,kavanagh russet,kavanagh russet,
TRUE,kavanagh graft,kavanagh russet,kavanagh russet,
TRUE,kavanah russet,kavanagh russet,kavanagh russet,
TRUE,kavanah russett,kavanagh russet,kavanagh russet,
FALSE,(pear) keeper,(pear) keiffer,(pear) keiffer,
FALSE,(pear) keiffer,(pear) keiffer,(pear) keiffer,
TRUE,kellomell,kilham hill,kilham hill,
TRUE,kellum hill,kilham hill,kilham hill,
TRUE,kennebec,winthrop greening,winthrop greening,
TRUE,kennebec greening,winthrop greening,winthrop greening,
TRUE,kentuck red,,kentucky red,
TRUE,kenwick codlin,keswick codling,keswick codling,
TRUE,kerwicks codlin,keswick codlin,keswick codlin,
TRUE,keswick codling,keswick codlin,keswick codlin,
FALSE,(pear) kieffer,(pear) keiffer,(pear) keiffer,
FALSE,(pear) kiffer,(pear) keiffer,(pear) keiffer,
TRUE,killam hill,kilham hill,kilham hill,
TRUE,killen hill,kilham hill,kilham hill,
TRUE,killernhill,kilham hill,kilham hill,
TRUE,killhain hill,kilham hill,kilham hill,
TRUE,killham hill,kilham hill,kilham hill,
TRUE,killum hill,kilham hill,kilham hill,
TRUE,kilmhill,kilham hill,kilham hill,
TRUE,kimball,winthrop greening,winthrop greening,
TRUE,king,king of tompkins county,king of tompkins county,
TRUE,king david,king david,king david,
TRUE,king edward,,king edward,
TRUE,king of dilliam,,king of dilliam,
TRUE,king of franklin co.,king of franklin county,king of franklin county,
TRUE,king of thompkins co.,king of tompkins county,king of tompkins county,
TRUE,king of tompkins,king of tompkins county,king of tompkins county,
TRUE,king of tompkins co.,king of tompkins county,king of tompkins county,
TRUE,king of tompkins county,king of tompkins county,king of tompkins county,
TRUE,king philip sweet,jonathan,jonathan,
TRUE,king pippin,king of pippins,king of pippins,
TRUE,king sweet,king sweet,king sweet,
TRUE,king sweeting,king sweet,king sweet,
TRUE,king tompkin,king of tompkins county,king of tompkins county,
TRUE,king tompkins,king of tompkins county,king of tompkins county,
TRUE,king tompkins county,king of tompkins county,king of tompkins county,
TRUE,king william,,king william,
TRUE,kings pocket,king pocket,king pocket,
TRUE,kings pockit,king pocket,king pocket,
TRUE,kingston russet,,kingston russet,
FALSE,(pear) knowlton,,(pear) knowlton,
TRUE,knowlton sweet,,knowlton sweet,
TRUE,knox greening,,knox greening,
TRUE,konkin red stripe,,konkin red stripe,
FALSE,(pear) koonce,(pear) koonce,(pear) koonce,
FALSE,(pear) kuffer,(pear) keiffer,(pear) keiffer,
TRUE,la rue,,la rue,1
TRUE,ladie's sweet,lady sweet,lady sweet,
TRUE,ladies blush,maiden blush,maiden blush,
TRUE,ladies sweet,lady sweet,lady sweet,
TRUE,ladies' sweet,lady sweet,lady sweet,
TRUE,ladies' sweeting,lady sweet,lady sweet,
TRUE,lady apple,lady,lady,
TRUE,lady crab,lady elgin crab,lady elgin crab,
TRUE,lady elgin crab,lady elgin crab,lady elgin crab,
TRUE,lady haley,lady healy,lady healy,
TRUE,lady suffield,,lady suffield,1
TRUE,lady sweet,lady sweet,lady sweet,
TRUE,lake,lake,lake,
TRUE,lancaster,lancaster greening,lancaster greening,
TRUE,langfield,longfield,longfield,
TRUE,large yellow bough,sweet bough,sweet bough,
TRUE,late astrachan,,late astrachan,
TRUE,late mcintosh,,late mcintosh,
TRUE,late pippin,,late pippin,
TRUE,late strawberry,late strawberry,late strawberry,
TRUE,late sweet,,late sweet,
TRUE,late winter,,late winter,
TRUE,lawler,lawver,lawver,
FALSE,(pear) lawrence,(pear) lawrence,(pear) lawrence,
TRUE,lawrence,,lawrence,1
FALSE,(pear) lawson,(pear) lawson,(pear) lawson,
TRUE,lead apple,lead,lead,
TRUE,leafless,fall harvey,fall harvey,
TRUE,leafless greening,fall harvey,fall harvey,
TRUE,lee,lee,lee,
TRUE,lemon apple,,lemon apple,
TRUE,lemon sweet,,lemon sweet,
TRUE,lester sweet,leicester sweet,leicester sweet,
FALSE,(pear) lewis bon de jersey,(pear) louise bonne de jersey,(pear) louise bonne de jersey,
TRUE,limba twig,,limbertwig,
TRUE,limber twig,,limbertwig,
TRUE,limber twig greening,fall harvey,fall harvey,
TRUE,limber twig russet,golden russet of western new york,golden russet of western new york,
TRUE,limberstring,,limbertwig,
TRUE,limberting,,limbertwig,
TRUE,limbertwig,,limbertwig,
TRUE,limbertwig greening,,limbertwig greening,
TRUE,lincoln,,lincoln,
FALSE,(pear) lincoln,(pear) lincoln,(pear) lincoln,
TRUE,lincoln pippin,winthrop greening,winthrop greening,
TRUE,lincoln sweet,,lincoln sweet,
TRUE,liscomb,lyscom,lyscom,
TRUE,little nonesuch,,little nonesuch,
TRUE,littlefield beauty,,littlefield beauty,
TRUE,loamice,,loamice,
TRUE,long field,longfield,longfield,
TRUE,long graft,,long graft,
TRUE,long john,long john,long john,
TRUE,long stem,baker sweet,baker sweet,
TRUE,long stem sweet,baker sweet,baker sweet,
TRUE,long stem sweeting,baker sweet,baker sweet,
TRUE,longfellow,,longfellow,
TRUE,longfield,longfield,longfield,
TRUE,loring sweet,loring,loring,
TRUE,lost tally,,lost tally,
FALSE,(pear) louis bonne de jersey,(pear) louise bonne de jersey,(pear) louise bonne de jersey,
FALSE,(pear) louisa,(pear) louise bonne de jersey,(pear) louise bonne de jersey,
FALSE,(pear) louise bon de jersey,(pear) louise bonne de jersey,(pear) louise bonne de jersey,
FALSE,(pear) louise bonne d'jersey,(pear) louise bonne de jersey,(pear) louise bonne de jersey,
FALSE,(pear) louise bonne de jersey,(pear) louise bonne de jersey,(pear) louise bonne de jersey,
FALSE,(pear) louise bonnie,(pear) louise bonne de jersey,(pear) louise bonne de jersey,
TRUE,lovage,,lovage,
TRUE,lovejoy sweet,,lovejoy sweet,
TRUE,luister twig,,limbertwig,
TRUE,lumberting,,limbertwig,
TRUE,lutton beauty,sutton beauty,sutton beauty,
TRUE,lymington (striped),,striped lymington,
TRUE,lyscom,lyscom,lyscom,
TRUE,lyscomb,lyscom,lyscom,
TRUE,m. beauty crab,montreal beauty crab,montreal beauty crab,
TRUE,m. w. greening,northwest greening,northwest greening,
TRUE,maan,mann,mann,
TRUE,macintosh,mcintosh,mcintosh,
TRUE,macintosh red,mcintosh,mcintosh,
TRUE,mackintosh,mcintosh,mcintosh,
TRUE,mackintosh greening,mcintosh,mcintosh,
TRUE,mackintosh red,mcintosh,mcintosh,
FALSE,(pear) madaline,(pear) madeleine,(pear) madeleine,
TRUE,madison strawberry,washington strawberry,washington strawberry,
TRUE,magog,magog redstreak,magog redstreak,
TRUE,magog red streak,magog redstreak,magog redstreak,
TRUE,magog redstreak,magog redstreak,magog redstreak,
TRUE,maiden blush,maiden blush,maiden blush,
TRUE,maiden-blush,maiden blush,maiden blush,
TRUE,maiden's blush,maiden blush,maiden blush,
TRUE,maidens blush,maiden blush,maiden blush,
TRUE,main,mann,mann,
TRUE,maine,mann,mann,
TRUE,maine baldwin,,maine baldwin,
TRUE,maine beauty,,maine beauty,
TRUE,maine greening,fall harvey,fall harvey,
TRUE,maine harvest,fall harvey,fall harvey,
TRUE,maine harvey,fall harvey,fall harvey,
TRUE,maine northern spy,,maine northern spy,
TRUE,maine pippin,,maine pippin,
TRUE,maine standard,,maine standard,
TRUE,maith stripe,martha stripe,martha stripe,
TRUE,male carle,mela carla,mela carla,
TRUE,mallet,mallet,mallet,
TRUE,mammoth,,mammoth,
TRUE,mammoth greening,,mammoth greening,
TRUE,mammoth pippin,gloria mundi,gloria mundi,
TRUE,mammoth russet,,mammoth russet,
TRUE,mammoth sweet,,mammoth sweet,
TRUE,mammouth pippen,gloria mundi,gloria mundi,
TRUE,mammy sweet,,mammy sweet,
TRUE,mamoth cathead,,mammoth cathead,
TRUE,man,mann,mann,
TRUE,manchester strawberry,washington strawberry,washington strawberry,
FALSE,(pear) manings elizabeth,(pear) elizabeth,(pear) elizabeth,
TRUE,mann,mann,mann,
TRUE,mann apple,mann,mann,
TRUE,mann's,mann,mann,
TRUE,manning,,manning,1
TRUE,manson sweet,munson sweet,munson sweet,
TRUE,mansons sweet,munson sweet,munson sweet,
TRUE,marblehead,,marblehead,
TRUE,marde maidens blush,,marde maidens blush,
TRUE,marengo crab,margengo crab,marengo crab,
FALSE,(pear) marguerite,,(pear) marguerite marillat,
FALSE,(pear) maria louise,(pear) marie louise,(pear) marie louise,
FALSE,(pear) marie louise,(pear) marie louise,(pear) marie louise,
TRUE,marling russet,,marling russet,
TRUE,marshal,marshall,marshall,
TRUE,marston,marston,marston,
TRUE,martha crab,martha crab,martha crab,
TRUE,martha stripe,lyscom,martha stripe,
TRUE,martha's crab,martha crab,martha crab,
TRUE,mary's apple,,mary's apple,
TRUE,mason,,mason,
TRUE,mass. greening,,massachusetts greening,
TRUE,massachusetts porter,porter,porter,
TRUE,mathews stripe,lyscom,lyscom,
TRUE,mawn,mann,mann,
TRUE,maxim seedling,maxim seedling,maxim seedling,
TRUE,mays apple,,mays apple,
TRUE,mcclellan,mclellan,mclellan,
TRUE,mcintosh,mcintosh,mcintosh,
TRUE,mcintosh red,mcintosh,mcintosh,
TRUE,mclellan,mclellan,mclellan,
TRUE,meallhy,wealthy,wealthy,
TRUE,mealy apple,,mealy apple,
TRUE,melden,milding,milding,
TRUE,mellen sweet,,mellen sweet,
TRUE,mellen's favorite,,mellen's favorite,
TRUE,mellon apple,melon,melon,
TRUE,melon,melon,melon,
TRUE,merrill,,merrill,
TRUE,mexican,mexico,mexico,
FALSE,(pear) michigan early harvest,,(pear) michigan early harvest,
TRUE,michigan greening,,michigan greening,
TRUE,middling,milding,milding,
TRUE,miland,milding,milding,
TRUE,mild sour,,mild sour,
TRUE,milden,milding,milding,
TRUE,mildew,milding,milding,
TRUE,milding,milding,milding,
TRUE,millwig,milding,milding,
TRUE,milton,milton,milton,
TRUE,minister,minister,minister,
TRUE,minnesota,minnesota crab,minnesota crab,
TRUE,mocher,,mocher,
TRUE,mohawk,,mohawk,
TRUE,molasses sweet,priest,priest,
TRUE,monarch,,monarch,
TRUE,monmoth pippin,monmouth,monmouth,
TRUE,monmouth,monmouth,monmouth,
TRUE,monmouth black twig,mammoth black twig,mammoth black twig,
TRUE,monmouth pippin,monmouth,monmouth,
TRUE,monroe sweet,monroe sweet,monroe sweet,
TRUE,monson sweet,munson sweet,munson sweet,
TRUE,monson's sweet,munson sweet,munson sweet,
TRUE,monster apple,gloria mundi,gloria mundi,
TRUE,monster pippin,gloria mundi,gloria mundi,
TRUE,monstoon,,monstoon,
TRUE,montreal beauty crab,montreal beauty crab,montreal beauty crab,
TRUE,montreal peach,montreal peach,montreal peach,
TRUE,moody,moody,moody,
TRUE,moody sweet,,moody sweet,
TRUE,moor's river russet,,moor's river russet,
TRUE,moore's seedling,,moore seedling,
TRUE,moore's sweet,moore sweet,moore sweet,
FALSE,(pear) morcean,(pear) glou morceau,(pear) glou morceau,
TRUE,morse early,,morse early,
TRUE,morton,,morton,
TRUE,moses wood,moses wood,moses wood,
TRUE,mother,mother,mother,
TRUE,mother apple,mother,mother,
TRUE,mother of pearl,,mother of pearl,
TRUE,mother sweet,,mother sweet,
FALSE,(pear) mount vernon,(pear) mount vernon,(pear) mount vernon,
TRUE,mountain strawberry,,mountain strawberry,
TRUE,mountain sweet,,mountain sweet,
TRUE,mt. greening,,mountain greening,
TRUE,mt. sweet,,mountain sweet,
TRUE,mun's sweet,munson sweet,munson sweet,
TRUE,munson,munson sweet,munson sweet,
TRUE,munson early,,munson early,
TRUE,munson sweet,munson sweet,munson sweet,
TRUE,munson's sweet,munson sweet,munson sweet,
TRUE,munster,,munster,
TRUE,mutton apple,,mutton apple,
TRUE,myrick,,myrick,
FALSE,(pear) n e beauty,,(pear) n e beauty,
TRUE,n y stripe,,new york stripe,
TRUE,n. e. greening,,new england greening,
TRUE,n. g. russet,,n. g. russet,
TRUE,n. h. sweet,new hampshire,new hampshire,
TRUE,n. j. pippin,,new jersey pippin,
TRUE,n. j. sweet,,new jersey sweet,
TRUE,n. spy,northern spy,northern spy,
TRUE,n. t. greening,,new york greening,
TRUE,n. w. greening,northwest greening,northwest greening,
TRUE,n. y. apple,,new york apple,
TRUE,n. y. baldwin,,new york baldwin,
TRUE,n. y. blush,,new york blush,
TRUE,n. y. crab,,new york crab,
TRUE,n. y. geneting,,new york jenneting,
TRUE,n. y. golden sweet,,new york golden sweet,
TRUE,n. y. greening,,new york greening,
TRUE,n. y. harvey,,new york harvey,
TRUE,n. y. jinctuer,,new york jinctuer,
TRUE,n. y. nameless,,new york nameless,
TRUE,n. y. pippin,,new york pippin,
TRUE,n. y. porter,,new york porter,
TRUE,n. y. russet,golden russet of western new york,golden russet of western new york,
TRUE,n. y. russett,golden russet of western new york,golden russet of western new york,
TRUE,n. y. seedling,,new york seedling,
TRUE,n. y. spy,,northern spy,
TRUE,n. y. stripe,,new york stripe,
TRUE,n. y. sweet,,new york sweet,
TRUE,n. y. sweeting,,new york sweet,
TRUE,naked limb greening,fall harvey,fall harvey,
TRUE,nancy,,nancy,
TRUE,naples crab,,naples crab,
FALSE,(pear) napolean,(pear) napoleon,(pear) napoleon,
FALSE,(pear) napoleon,(pear) napoleon,(pear) napoleon,
TRUE,nason,,nason,
TRUE,nathan spy,northern spy,northern spy,
TRUE,national ash,,national ash,
TRUE,native bellflower,,native bellflower,
TRUE,native greening,,native greening,
TRUE,native russet,,native russet,
TRUE,native snow,,native snow,
TRUE,native sweet,,native sweet,
TRUE,nature,,nature,
FALSE,(pear) nelly sye,,(pear) nelly sye,
TRUE,nelson,nelson,nelson,
TRUE,new brunswick greening,new brunswick greening,new brunswick greening,
TRUE,new gloucester ball,,new gloucester ball,
TRUE,new jersey pippin,,new jersey pippin,
TRUE,new york,,new york,
TRUE,new york baldwin,,new york baldwin,
TRUE,new york bower,,new york bower,
TRUE,new york cathead,,new york cathead,
TRUE,new york fall pippin,,new york fall pippin,
TRUE,new york geneting,,new york jenneting,
TRUE,new york greening,,new york greening,
TRUE,new york nodhead,,new york nodhead,
TRUE,new york pippin,,new york pippin,
TRUE,new york pippins,,new york pippin,
TRUE,new york pride,,new york pride,
TRUE,new york russet,golden russet of western new york,golden russet of western new york,
TRUE,new york stark,,new york stark,
TRUE,new york stripe,,new york stripe,
TRUE,new york sweet,,new york sweet,
TRUE,newark pippin,newark pippin,newark pippin,
TRUE,newbury sweet,newbury sweet,newbury sweet,
TRUE,newton pippin,newtown pippin,newtown pippin,
TRUE,newton sweet,,newton sweet,
TRUE,newton sweeting,,newton sweet,
TRUE,newtown pippin,newtown pippin,newtown pippin,
TRUE,nice,,nice,1
TRUE,nickajack,nickajack,nickajack,
FALSE,(pear) nickerson,(pear) nickerson,(pear) nickerson,
TRUE,niggerhead,,niggerhead,
TRUE,nine ounce,deane,deane,
TRUE,nine oz.,deane,deane,
TRUE,no name,,no name,
TRUE,no-name sweet,,no-name sweet,
TRUE,no. spy,northern spy,northern spy,
TRUE,no. star,dudley winter,dudley winter,
TRUE,nod head,jewett fine red,jewett fine red,
TRUE,nod-head,jewett fine red,jewett fine red,
TRUE,nodheaad,jewett fine red,jewett fine red,
TRUE,nodhead,jewett fine red,jewett fine red,
TRUE,nolon apple,,nolon apple,
TRUE,none other,,none other,
TRUE,none such,,nonesuch,
TRUE,none-so-good,,none-so-good,
TRUE,none-such,,nonesuch,
TRUE,nonesuch,,nonesuch,
TRUE,nonpareil,,nonpareil,
TRUE,nonsuch,,nonesuch,
TRUE,norman,,norman,
TRUE,norman sweet,,norman sweet,
TRUE,noroton greening,,noroton greening,
TRUE,north star,dudley winter,dudley winter,
TRUE,north west greening,northwest greening,northwest greening,
TRUE,northern,,northern,
TRUE,northern bell,,northern bell,
TRUE,northern spy,northern spy,northern spy,
TRUE,northern sweet,northern sweet,northern sweet,
TRUE,northfield beauty,northfield beauty,northfield beauty,
TRUE,northwest greening,northwest greening,northwest greening,
TRUE,northwestern,northwest greening,northwest greening,
TRUE,northwestern greening,northwest greening,northwest greening,
TRUE,nowest greening,northwest greening,northwest greening,
TRUE,noyes,noyes,noyes,
FALSE,(pear) noyes,,(pear) noyes,
TRUE,oak,,oak,
TRUE,ocean,,ocean,
TRUE,october sweet,,october sweet,
TRUE,ohio pippin,ohio pippin,ohio pippin,
TRUE,old fashioned greening,,old fashioned greening,
TRUE,old fashioned russet,,old fashioned russet,
TRUE,old sour apple,,old sour apple,
TRUE,old-fashioned baldwin,baldwin,baldwin,
TRUE,old-fashioned cathead,,old-fashioned cathead,
TRUE,oldenburg,duchess of oldenburg,duchess of oldenburg,
TRUE,oliver sentinal,oliver,oliver,
FALSE,(pear) onondaga,(pear) onondaga,(pear) onondaga,
FALSE,(pear) onondago,(pear) onondaga,(pear) onondaga,
TRUE,ontario,ontario,ontario,
TRUE,opalescent,opalescent,opalescent,
TRUE,oplacent,opalescent,opalescent,
FALSE,(pear) orandaga,(pear) onondaga,(pear) onondaga,
FALSE,(pear) orange,,(pear) orange,
TRUE,orange apple,,orange apple,
TRUE,orange crab,orange crab,orange crab,
TRUE,orange greening,,orange greening,
TRUE,orange pearmain,,orange pearmain,
TRUE,orange pippin,orange pippin,orange pippin,
TRUE,orange porter,porter,porter,
TRUE,orange speck,,orange speck,
TRUE,orange spick,,orange speck,
TRUE,orange spy,,orange spy,
TRUE,orange sweet,orange sweet,orange sweet,
TRUE,orchard sweet,,orchard sweet,
TRUE,oregon sweet,oregon sweet,orange sweet,
TRUE,ounce pippin,,ounce pippin,
FALSE,(pear) our favorite,,(pear) our favorite,
TRUE,ox-heart,,ox-heart,
TRUE,oxford,black oxford,black oxford,
TRUE,oxford beauty,,oxford beauty,
TRUE,oxford russet,,oxford russet,
FALSE,(pear) packard,,(pear) packard,
TRUE,packer,,packer,
TRUE,page,page,page,
TRUE,pairmain,,pearmain,
TRUE,palmer,washington royal,washington royal,
TRUE,panelopy,,panelopy,
FALSE,(pear) paradise d'autumn,(pear) paradise d'automne,(pear) paradise d'automne,
TRUE,paradise sweet,winter sweet paradise,winter sweet paradise,
TRUE,paragon,paragon,paragon,
TRUE,parker sweet,parker sweet,parker sweet,
TRUE,parlin,parlin,parlin,
TRUE,parson's sweet,parson,parson,
FALSE,(pear) passe colmar,(pear) passe colmar,(pear) passe colmar,
TRUE,patent baldwin,,patent baldwin,
TRUE,patterson sweet,bailey sweet,bailey sweet,
TRUE,patty sweet,bailey sweet,bailey sweet,
TRUE,pawaka,pewaukee,pewaukee,
TRUE,peabody early,peabody early,peabody early,
TRUE,peabody greening,peabody greening,peabody greening,
TRUE,peabody's sweet,peabody sweet,peabody sweet,
TRUE,peach,,peach,
TRUE,peach apple,montreal peach,montreal peach,
TRUE,peach bloom,,peach bloom,
TRUE,peach blossom,,peach blossom,
TRUE,peach blow,peachblow,peachblow,
TRUE,peach sweet,,peach sweet,
TRUE,peach tomato,,peach tomato,
TRUE,peachblow,peachblow,peachblow,
TRUE,peah apple,,pear apple,
TRUE,peanwam,,peanwam,
TRUE,pear apple,,pear apple,
TRUE,pear maine sweet,,pearmain sweet,
TRUE,pear russet,,pear russet,
FALSE,(pear) pear sye,,(pear) pear sye,
TRUE,pearl,,pearl,
TRUE,pearmain,blue pearmain,blue pearmain,
TRUE,pearmains,blue pearmain,blue pearmain,
TRUE,peawakee,pewaukee,pewaukee,
TRUE,peawalkie,pewaukee,pewaukee,
TRUE,peawaukee,pewaukee,pewaukee,
TRUE,peck,peck pleasant,peck pleasant,
TRUE,peck's,peck pleasant,peck pleasant,
TRUE,peck's favorite,peck pleasant,peck pleasant,
TRUE,peck's pleasant,peck pleasant,peck pleasant,
TRUE,peck's pleasure,peck pleasant,peck pleasant,
TRUE,peckard baldwin,,peckard baldwin,
TRUE,pecks pleasant,peck pleasant,peck pleasant,
TRUE,peerless,peerless,peerless,
TRUE,peewankee,pewaukee,pewaukee,
TRUE,peewanskee,pewaukee,pewaukee,
TRUE,peewaukee,pewaukee,pewaukee,
TRUE,peewaukie,pewaukee,pewaukee,
TRUE,peewuakee,pewaukee,pewaukee,
TRUE,pefect,perfect,perfect,
TRUE,peleg,,peleg,
TRUE,pelham sweet,pelham sweet,pelham sweet,
TRUE,penankee,pewaukee,pewaukee,
TRUE,peneaukee,pewaukee,pewaukee,
TRUE,pennock,pennock,pennock,
TRUE,pennsylvania red,pennock,pennock,
TRUE,perfect,perfect,perfect,
TRUE,perkins sweet,,perkin's sweet,
TRUE,perry's russet,perry russet,perry russet,
FALSE,(pear) perry's seedling,,(pear) perry's seedling,
TRUE,persian crab,,persian crab,
TRUE,peter,peter,peter,
TRUE,peter pan,,peter pan,
TRUE,peters apple,peter,peter,
TRUE,petofsky,tetofski,tetofski,
TRUE,peure gusi,pomme grise,pomme grise,
TRUE,pewaka,pewaukee,pewaukee,
TRUE,pewakee,pewaukee,pewaukee,
TRUE,pewankee,pewaukee,pewaukee,
TRUE,pewauke,pewaukee,pewaukee,
TRUE,pewaukee,pewaukee,pewaukee,
TRUE,pewaukie,pewaukee,pewaukee,
TRUE,pewawkee,pewaukee,pewaukee,
TRUE,phil. stripe,,philadelphia stripe,
TRUE,phila broad,pennock,pennock,
TRUE,phila. pearmain,,philadelphia pearmain,
TRUE,philadelphia broad,,philadelphia broad,
TRUE,philadelphia pippin,fall pippin,fall pippin,
TRUE,phoenix,,phoenix,
TRUE,phonix,,phoenix,
TRUE,pie apple,,pie apple,
TRUE,pie apple gravenstein,gravenstein,gravenstein,
TRUE,pignose,,pignose,
TRUE,pike sweet,,pike sweet,
TRUE,pin ball,,pin ball,
TRUE,pinball sweet,,pinball sweet,
TRUE,pine grove sweeting,,pine grove sweeting,
TRUE,pink cheek,,pink cheek,
TRUE,pinnate,primate,primate,
TRUE,pipin,,pippin,
TRUE,pippin,,pippin,
TRUE,pippins,,pippin,
TRUE,pittsfield,,pittsfield,
TRUE,plain jennette,fall jenneting,fall jenneting,
TRUE,plain russet,,plain russet,
TRUE,plum crab,plumb crab,plumb crab,
TRUE,points,,points,
TRUE,pomagree,pomme grise,pomme grise,
TRUE,pome royal,dyer,dyer,
TRUE,pomegris,pomme grise,pomme grise,
TRUE,pomeroy,pomme grise,pomme grise,
TRUE,pomme gess,pomme grise,pomme grise,
TRUE,pomme gris,pomme grise,pomme grise,
TRUE,pommie gris,pomme grise,pomme grise,
TRUE,ponard sweet,lyman's pumpkin sweet,lyman's pumpkin sweet,
TRUE,pond sweeting,lyman's pumpkin sweet,lyman's pumpkin sweet,
TRUE,ponds sweet,lyman's pumpkin sweet,lyman's pumpkin sweet,
TRUE,porter,porter,porter,
TRUE,porter apple,porter,porter,
TRUE,porter sweet,leicester sweet,leicester sweet,
TRUE,portsmouth sweet,ledge sweet,ledge sweet,
TRUE,potter sweet,leicester sweet,leicester sweet,
TRUE,potter's sweet,leicester sweet,leicester sweet,
TRUE,poughkeepsie,english russet,english russet,
TRUE,poughkeepsie russet,english russet,english russet,
TRUE,pound,gloria mundi,gloria mundi,1
FALSE,(pear) pound,(pear) pound,(pear) pound,
TRUE,pound apple,gloria mundi,gloria mundi,
TRUE,pound pippin,fall pippin,fall pippin,
TRUE,pound royal,dyer,dyer,
TRUE,pound russet,,pound russet,
TRUE,pound sweet,lyman's pumpkin sweet,lyman's pumpkin sweet,
TRUE,pound sweeting,lyman's pumpkin sweet,lyman's pumpkin sweet,
TRUE,pr. l. greening,rhode island greening,rhode island greening,
FALSE,(pear) pratt,(pear) pratt,(pear) pratt,
TRUE,pratt's special,,pratt's special,1
TRUE,president,president,president,
FALSE,(pear) president breonard,(pear) president drouard,(pear) president drouard,
FALSE,(pear) president duma,(pear) president drouard,(pear) president drouard,
FALSE,(pear) president durward,(pear) president drouard,(pear) president drouard,
TRUE,pretainger,,pretainger,
TRUE,pride of maine,,pride of maine,
TRUE,pride of the orchard,queen of the orchard,queen of the orchard,
TRUE,primate,primate,primate,
TRUE,prime,,prime,
TRUE,prince of the kitchen,,prince of the kitchen,
TRUE,prince rupert,,prince rupert,
TRUE,princess,,princess,
TRUE,prolific,prolific,prolific,
TRUE,prolific sweet,prolific sweet,prolific sweet,
TRUE,prospect greening,fall harvey,fall harvey,
TRUE,providence baldwin,,providence baldwin,
TRUE,province baldwin,,province baldwin,
TRUE,prywate,primate,primate,
TRUE,pumpkin,pumpkin russet,pumpkin russet,
TRUE,pumpkin sour,,pumpkin sour,
TRUE,pumpkin sweet,pumpkin russet,pumpkin russet,
TRUE,pumpkin sweeting,pumpkin russet,pumpkin russet,
TRUE,puppy noses,,puppy noses,
TRUE,purple blush crab,purple siberian crab,purple siberian crab,
TRUE,purple crab,purple siberian crab,purple siberian crab,
TRUE,purple winter,,purple winter,
TRUE,putnam russet,roxbury russet,roxbury russet,
TRUE,quaker beauty,quaker beauty crab,quaker beauty crab,
TRUE,quebec sweet,quebec red,quebec red,
TRUE,quebec winter sweet,quebec red,quebec red,
TRUE,queen,,queen,
TRUE,queen ann,,queen ann,
TRUE,queen delight,,queen delight,
TRUE,queen sweet,,queen sweet,
TRUE,queen sweeting,,queen sweet,
TRUE,queen's choice,montreal crab,montreal crab,
TRUE,queen's pocket,queen's pocket,queen's pocket,
TRUE,queening,,queening,
TRUE,queens choice,montreal crab,montreal crab,
TRUE,queens' pocket piece,queen's pocket,queen's pocket,
TRUE,quince,cole quince,cole quince,
TRUE,quince apple,,quince,
TRUE,quince sweet,,quince sweet,
TRUE,quince sweeting,,quince sweet,
TRUE,quinine sweet,,quinine sweet,
TRUE,r i greening,rhode island greening,rhode island greening,
TRUE,r s pippin,ribston pippin,ribston pippin,
TRUE,r. i greening,rhode island greening,rhode island greening,
TRUE,"r. i, sweet",lyman's pumpkin sweet,lyman's pumpkin sweet,
TRUE,r. i. gravenstein,rhode island greening,rhode island greening,
TRUE,r. i. greening,rhode island greening,rhode island greening,
TRUE,r. i. pippin,,rhode island pippin,
TRUE,r. i. russet,perry russet,perry russet,
TRUE,r. i. sweet,lyman's pumpkin sweet,lyman's pumpkin sweet,
TRUE,r. i. sweeting,lyman's pumpkin sweet,lyman's pumpkin sweet,
TRUE,rainbow,rambo,rambo,
TRUE,raleigh,,raleigh,
TRUE,ram's horns,ramshorns,ramshorns,
TRUE,ramba,rambo,rambo,
TRUE,rambo,rambo,rambo,
TRUE,rambough,rambo,rambo,
TRUE,ramdell's sweet,ramsdell sweet,ramsdell sweet,
TRUE,ramsdell sweet,ramsdell sweet,ramsdell sweet,
TRUE,randall sweet,ramsdell sweet,ramsdell sweet,
TRUE,ransacking,,ransacking,
TRUE,ransom,ramsdell sweet,ramsdell sweet,
TRUE,ransom sweet,ramsdell sweet,ramsdell sweet,
TRUE,raspberry russet,,raspberry russet,
TRUE,rattle box,,rattle box,
TRUE,rauber,,rauber,
TRUE,rauls gennett,rall's jannet,rall's jannet,
TRUE,rave ripe,,rave ripe,
TRUE,rawler's jenet,rall's jannet,rall's jannet,
TRUE,re par main,,red pearmain,
TRUE,rebson pippin,ribston pippin,ribston pippin,
TRUE,red and black,,red and black,
TRUE,red and yellow harvey,,red and yellow harvey,
TRUE,red astracan,red astrachan,red astrachan,
TRUE,red astrachan,red astrachan,red astrachan,
TRUE,red astrakan,red astrachan,red astrachan,
TRUE,red baldwin,baldwin,baldwin,
TRUE,red beatdoin,baldwin,baldwin,
TRUE,red beauty,rome beauty,rome beauty,
TRUE,red beitgheimer,bietigheimer,bietigheimer,
TRUE,red beitigheimer,bietigheimer,bietigheimer,
TRUE,red bellflower,red bellflower,red bellflower,
TRUE,red bertshesheimer,bietigheimer,bietigheimer,
TRUE,red betenhimer,bietigheimer,bietigheimer,
TRUE,red beterguner,bietigheimer,bietigheimer,
TRUE,red beterheimer,bietigheimer,bietigheimer,
TRUE,red biddemere,bietigheimer,bietigheimer,
TRUE,red bitzheimer,bietigheimer,bietigheimer,
TRUE,red breligheimer,bietigheimer,bietigheimer,
TRUE,red brittenhanna,bietigheimer,bietigheimer,
TRUE,red canada,red canada,red canada,
TRUE,red check greening,,red cheek greening,
TRUE,red cheek,,red cheek,
TRUE,red crab,red siberian crab,red siberian crab,
TRUE,red delicious,red delicious,red delicious,
TRUE,red detroit,detroit red,detroit red,
TRUE,red dutch,duchess of oldenburg,duchess of oldenburg,
TRUE,red everlasting,greyhouse,greyhouse,
TRUE,red flamingo,,red flamingo,
TRUE,red gold,,red gold,
TRUE,red granada,red canada,red canada,
TRUE,red gravenstein,gravenstein,gravenstein,
TRUE,red harvey,,red harvey,
TRUE,red jewet,jewett fine red,jewett fine red,
TRUE,red june,red june,red june,
TRUE,red mcintosh,mcintosh,mcintosh,
TRUE,red pearmain,,red pearmain,
TRUE,red pearmaine,,red pearmain,
TRUE,red pippin,,red pippin,
TRUE,red porter,,red porter,
TRUE,red providence maine,,red providence maine,
TRUE,red pumpkin,ramsdell sweet,ramsdell sweet,
TRUE,red reitingheimer,bietigheimer,bietigheimer,
TRUE,red rome,rome beauty,rome beauty,
TRUE,red russet,red russet,red russet,
TRUE,red sanad,red canada,red canada,
TRUE,red shropshrivine,sops of wine,sops of wine,
TRUE,red siberian crab,red siberain crab,red siberian crab,
TRUE,red spy,northern spy,northern spy,
TRUE,red stark,stark,stark,
TRUE,red stone pippin,ribston pippin,ribston pippin,
TRUE,red streak,,redstreak,
TRUE,red stripe,,red stripe,
TRUE,red sweet,,red sweet,
TRUE,red transparent crab,red siberain crab,red siberian crab,
TRUE,red unknown,,red unknown,
TRUE,red william,william's favorite,william's favorite,
TRUE,red williams,william's favorite,william's favorite,
TRUE,red winter,,red winter,
TRUE,red winter sweet,,red winter sweet,
TRUE,red-streak,,redstreak,
TRUE,redstone pippin,ribston pippin,ribston pippin,
TRUE,regulus,,regulus,
TRUE,remsfield,,remsfield,
TRUE,revarkin,,revarkin,
TRUE,rewarikee,pewaukee,pewaukee,
TRUE,rex regent,roxbury russet,roxbury russet,
TRUE,rhoda sweet,,rhoda sweet,
TRUE,rhode island greening,rhode island greening,rhode island greening,
TRUE,rhode island greenings,rhode island greening,rhode island greening,
TRUE,rhode island quincy,,rhode island quincy,
TRUE,rhode island russet,perry russet,perry russet,
TRUE,rhode island sweet,lyman's pumpkin sweet,lyman's pumpkin sweet,
TRUE,ribbston,ribston pippin,ribston pippin,
TRUE,ribbston pippin,ribston pippin,ribston pippin,
TRUE,ribston,ribston pippin,ribston pippin,
TRUE,ribston pippin,ribston pippin,ribston pippin,
TRUE,ribstone pippin,ribston pippin,ribston pippin,
TRUE,ridge beauty,,ridge beauty,
TRUE,rings sweet,,rings sweet,
TRUE,ripley sweet,,ripley sweet,
TRUE,ripston pippin,ribston pippin,ribston pippin,
TRUE,rising sun,,rising sun,
TRUE,river,river,river,
TRUE,riverside pippin,,riverside pippin,
TRUE,riverstone,ribston pippin,ribston pippin,
TRUE,robinson graft,,robinson graft,
TRUE,rochester baldwin,,rochester baldwin,
TRUE,rock baldwin,,rock baldwin,
TRUE,rock russet,roxbury russet,roxbury russet,
TRUE,rock sweet,rock sweet,rock sweet,
TRUE,rockingham stripe,,rockingham stripe,
FALSE,(pear) rockland beauty,(pear) rockland beauty,(pear) rockland beauty,
TRUE,rockwood,rockwood,rockwood,
TRUE,rolf,rolfe,rolfe,
TRUE,rolfe,rolfe,rolfe,
TRUE,rolph,rolfe,rolfe,
TRUE,rombeau,rambo,rambo,
TRUE,rombo,rambo,rambo,
TRUE,rome beauty,rome beauty,rome beauty,
TRUE,romeo,,romeo,
TRUE,romna,romna,romna,
TRUE,rose of standish,,rose of standish,1
TRUE,rose of stomstead,,rose of stomstead,1
TRUE,ross,,ross,
FALSE,(pear) rostiezer,(pear) rostiezer,(pear) rostiezer,
TRUE,rough and ready,primate,primate,
TRUE,roughskin,,roughskin,
TRUE,round sweet,lyman's pumpkin sweet,lyman's pumpkin sweet,
TRUE,rowle's janet,rall's jannet,rall's jannet,
TRUE,rox russet,roxbury russet,roxbury russet,
TRUE,rox. russet,roxbury russet,roxbury russet,
TRUE,roxbury,roxbury russet,roxbury russet,
TRUE,roxbury greening,,roxbury greening,
TRUE,roxbury ruperts,roxbury russet,roxbury russet,
TRUE,roxbury russet,roxbury russet,roxbury russet,
TRUE,roxbury russett,roxbury russet,roxbury russet,
TRUE,roxbury sweet,,roxbury sweet,
TRUE,roxby russett,roxbury russet,roxbury russet,
TRUE,royal pearmain,,royal pearmain,
TRUE,royal red,,royal red,
TRUE,royal sweet,royal sweet,royal sweet,
TRUE,royal table,royal table,royal table,
TRUE,rubicon,pawpaw,pawpaw,
TRUE,ruby red,,ruby red,
TRUE,rush,,rush,
TRUE,rusill,russell,russell,
TRUE,russell,russell,russell,
TRUE,russet,,russet,
TRUE,russet (green),,green russet,
TRUE,russet baldwin,russet baldwin,russet baldwin,
TRUE,russet golden,,golden russet,
TRUE,russet permaine,hunt russet,hunt russet,
TRUE,russet sweet,,sweet russet,
TRUE,russett,,russet,
TRUE,russett pairmain,hunt russet,hunt russet,
TRUE,russett sweet,,sweet russet,
TRUE,russian,,russian,
TRUE,russian crab,red siberian crab,red siberian crab,
TRUE,russian favorite,,russian favorite,
TRUE,russian iron-clad no. 4,,russian iron-clad no. 4,1
TRUE,russian no. 27 m.,,russian no. 27 m.,1
TRUE,russian red,,russian red,
TRUE,russian sweet,,russian sweet,
FALSE,(pear) rutta,(pear) rutter,(pear) rutter,
FALSE,(pear) rutter,(pear) rutter,(pear) rutter,
TRUE,salem russett,roxbury russet,roxbury russet,
TRUE,salome,salome,salome,
TRUE,sapson,sops of wine,sops of wine,
TRUE,sarah,sarah,sarah,
TRUE,sassafras sweet,haskell sweet,haskell sweet,
TRUE,savage,,savage,
TRUE,savoy,,savoy,
TRUE,sawyer sweet,sawyer sweet,sawyer sweet,
TRUE,scarlet crab,,scarlet crab,
TRUE,scarlet pearmain,scarlet pearmain,scarlet pearmain,
TRUE,schoolhouse,,schoolhouse,
TRUE,scotch sweet,,scotch sweet,
TRUE,scotch winter,scott winter,scott winter,
TRUE,scott winter,scott winter,scott winter,
TRUE,scott's favorite,,scott's favorite,
TRUE,scott's winter,scott winter,scott winter,
TRUE,seaver,seaver,seaver,
FALSE,(pear) seckel,(pear) seckel,(pear) seckel,
FALSE,(pear) seedling bartlett,(pear) seedling bartlett,(pear) seedling bartlett,
TRUE,seek,westfield seek no farther,westfield seek no farther,
TRUE,seek no farther,westfield seek no farther,westfield seek no farther,
TRUE,seek no further,westfield seek no farther,westfield seek no farther,
TRUE,seek-no-farther,westfield seek no farther,westfield seek no farther,
TRUE,seek-no-further,westfield seek no farther,westfield seek no farther,
TRUE,seekonk,seekonk,seekonk,
TRUE,seeks,westfield seek no farther,westfield seek no farther,
FALSE,(pear) sekel,(pear) seckel,(pear) seckel,
FALSE,(pear) selkirk,(pear) seckel,(pear) seckel,
TRUE,senator,oliver,oliver,
TRUE,sengrianna,,sengrianna,
TRUE,september sweet,,september sweet,
TRUE,seventy ounce,,seventy ounce,
TRUE,shapleigh apple,shapleigh apple,shapleigh apple,
TRUE,sheepnose,,sheepsnose,
TRUE,sheeps nose,,sheepsnose,
FALSE,(pear) shekal,(pear) seckel,(pear) seckel,
FALSE,(pear) sheldon,(pear) sheldon,(pear) sheldon,
FALSE,(pear) shendon,(pear) sheldon,(pear) sheldon,
TRUE,sherwood favorite,chenango strawberry,chenango strawberry,
TRUE,sherwood's favorite,chenango strawberry,chenango strawberry,
TRUE,shiawassee beauty,shiawasse beauty,shiawasse beauty,
TRUE,shiewassia beauty,shiawasse beauty,shiawasse beauty,
TRUE,shropshirevine,sops of wine,sops of wine,
TRUE,siberian august,july,july,
TRUE,siberian crab,red siberian crab,red siberian crab,
TRUE,siberian russet,,siberian russet,
TRUE,sibicum,,sibicum,
FALSE,(pear) sickel,(pear) seckel,(pear) seckel,
FALSE,(pear) sickle,(pear) seckel,(pear) seckel,
TRUE,silver crest,,silver crest,
TRUE,simpson,,simpson,
TRUE,slactory victory,,slactory victory,
TRUE,sledge sweeting,ledge sweet,ledge sweet,
TRUE,slinton,,slinton,
TRUE,smith cider,smith cider,smith cider,
TRUE,smith sweet,smith's sweet,smith's favorite,
TRUE,smith's cider,smith cider,smith cider,
TRUE,smith's fameuse seedling,smith's fameuse seedling,smith's fameuse seedling,
TRUE,smith's favorite,smith's favorite,smith's favorite,
TRUE,smith's sweet,smith's sweet,smith cider,
TRUE,smoke house,smokehouse,smokehouse,
TRUE,smyth's cider,smith cider,smith cider,
TRUE,snow,fameuse,fameuse,
TRUE,snow apple,fameuse,fameuse,
TRUE,snow ball,,snowball,
TRUE,snow flake,,snowflake,
TRUE,snowball,,snowball,
TRUE,snowfield,,snowfield,
TRUE,snowflake,,snowflake,
TRUE,soamid,,soamid,
TRUE,solcen bell,golden ball,golden ball,
FALSE,(pear) soldat laboreur,(pear) solldat laboureur,(pear) solldat laboureur,
TRUE,somersert,somerset,somerset,
TRUE,somerset,somerset,somerset,
TRUE,somerset beauty,,somerset beauty,
TRUE,something,,something,
TRUE,sops of wine,sops of wine,sops of wine,
TRUE,sops-of-wine,sops of wine,sops of wine,
TRUE,sopsavine,sops of wine,sops of wine,
TRUE,sorrett,,russet,
TRUE,sour bough,champlain,champlain,
TRUE,sour crab,,sour crab,
TRUE,sour russett,,sour russet,
TRUE,southern darkey,arkansas black,arkansas black,
FALSE,(pear) souvenir de congress,(pear) souvenir du congress,(pear) souvenir du congress,
FALSE,(pear) souvenir decongress,(pear) souvenir du congress,(pear) souvenir du congress,
FALSE,(pear) souvenir du congress,(pear) souvenir du congress,(pear) souvenir du congress,
TRUE,spaulding,,spaulding,
TRUE,spec pheasant,peck pleasant,peck pleasant,
TRUE,spice,spice sweet,spice sweet,
TRUE,spice apple,spice sweet,spice sweet,
TRUE,spice russet,spice russet,spice russet,
TRUE,spice sweet,spice sweet,spice sweet,
TRUE,spice sweeting,spice sweet,spice sweet,
TRUE,spicy quince,quince of coxe,quince of coxe,
TRUE,spicy red,,spicy red,
TRUE,spitz bergen,esopus spitzenberg,esopus spitzenburg,
TRUE,spitzberg,esopus spitzenberg,esopus spitzenburg,
TRUE,spitzbergen,esopus spitzenberg,esopus spitzenburg,
TRUE,spitzenberg,esopus spitzenberg,esopus spitzenburg,
TRUE,spitzenberg pearmain,,spitzenberg pearmain,
TRUE,spitzenburg,esopus spitzenburg,esopus spitzenburg,
TRUE,spitzenbury,esopus spitzenburg,esopus spitzenburg,
TRUE,sponce russet,sponge russet,sponge russet,
TRUE,sponge russet,sponge russet,sponge russet,
TRUE,sponge russett,sponge russet,sponge russet,
TRUE,sponge sweet,,sponge sweet,
TRUE,spring russett,,spring russet,
TRUE,spring sweet,,spring sweet,
TRUE,spur sweet,spurr sweet,spurr sweet,
TRUE,spy,northern spy,northern spy,
FALSE,(pear) st. gesilaine,(pear) st. ghislain,(pear) st. ghislain,
FALSE,(pear) st. ghislain,(pear) st. ghislain,(pear) st. ghislain,
TRUE,st. johnsbury sweet,st. johnsbury,st. johnsbury,
TRUE,st. lawarence,st. lawrence,st. lawrence,
TRUE,st. lawrence,st. lawrence,st. lawrence,
FALSE,(pear) st. michael,(pear) st. michael,(pear) st. michael,
FALSE,(pear) st. michells,(pear) st. michael,(pear) st. michael,
TRUE,stanchfield's best,stanchfield's best,stanchfield's best,
FALSE,(pear) standard,,(pear) standard,
TRUE,star,stark,stark,
TRUE,star porter,,star porter,
TRUE,stark,stark,stark,
TRUE,stark delicious,starking delicious,starking delicious,
TRUE,starke,,starke,
TRUE,starkee,starkey,starkey,
TRUE,starkey,starkey,starkey,
TRUE,starking,starking delicious,starking delicious,
TRUE,starks delicious,starking delicious,starking delicious,
TRUE,stars,stark,stark,
TRUE,state of maine,,state of maine,
TRUE,stayman winesap,staymens winesap,stayman winesap,
TRUE,stayman's wine sap,staymens winesap,stayman winesap,
TRUE,staymans winesap,staymens winesap,stayman winesap,
TRUE,staymen's winesap,staymens winesap,stayman winesap,
TRUE,staymer winesop,stayman winesap,stayman winesap,
TRUE,steel red,red canada,red canada,
TRUE,steele red,red canada,red canada,
TRUE,steele's winter red,red canada,red canada,
TRUE,sterling sweet,,sterling sweet,
FALSE,(pear) steven jennesel,(pear) stevens' genessee,(pear) stevens' genessee,
FALSE,(pear) stevens' genessee,(pear) stevens' genessee,(pear) stevens' genessee,
TRUE,steymens winesap,stayman winesap,stayman winesap,
TRUE,stiles,,stiles,
TRUE,stock,,stock,
TRUE,stone,,stone,
TRUE,stone sweet,stone sweet,stone sweet,
TRUE,stone sweeting,stone sweet,stone sweet,
TRUE,stork,stark,stark,
TRUE,storks,stark,stark,
TRUE,storm sweet,stone sweet,stone sweet,
TRUE,stoughton russet,,stoughton russet,
TRUE,strawberry,,strawberry,
TRUE,strawberry apple,,strawberry,
TRUE,strawberry baldwin,,strawberry baldwin,
TRUE,strawberry porter,,strawberry porter,
TRUE,strawberry red,,strawberry red,
TRUE,strawberry sweet,cummings sweet,cummings sweet,
TRUE,stray beauty,,stray beauty,
TRUE,striped,,striped,
TRUE,striped bell's early,,striped bell's early,
TRUE,striped bellflower,,striped bellflower,
TRUE,striped everlasting,,striped everlasting,
TRUE,striped fameuse,,striped fameuse,
TRUE,striped graft,,striped graft,
TRUE,striped harvey,,striped harvey,
TRUE,striped jenetin,,striped jenetin,
TRUE,striped martyrs,martha stripe,martha stripe,
TRUE,striped pearmain,,striped pearmain,
TRUE,striped pippin,,striped pippin,
TRUE,striped russet,,striped russet,
TRUE,striped slack,,striped slack,
TRUE,striped strawberry,,striped strawberry,
TRUE,striped sweet,,striped sweet,
TRUE,striped winter,,striped winter,
FALSE,(pear) stubb seedling,(pear) stubb's seedling,(pear) stubb's seedling,
FALSE,(pear) stubbs seedling,(pear) stubb's seedling,(pear) stubb's seedling,
TRUE,stulp,stump,stump,
TRUE,stump,stump,stump,
TRUE,stump (of greene),stump (of greene),stump (of greene),
TRUE,sub acid,,sub acid,
TRUE,sudbury sweet,sudbury,sudbury,
FALSE,(pear) sugar,(pear) seckel,(pear) seckel,
TRUE,sugar sweet,sugar sweet,sugar sweet,
TRUE,sultan beauty,sutton beauty,sutton beauty,
TRUE,summer apple,,summer apple,
TRUE,summer graft,,summer graft,
TRUE,summer greening,,summer greening,
FALSE,(pear) summer pear,,(pear) summer pear,
TRUE,summer porter,,summer porter,
TRUE,summer queen,summer queen,summer queen,
TRUE,summer rambo,,summer rambo,
TRUE,summer russet,,summer russet,
TRUE,summer strawberry,early strawberry,early strawberry,
TRUE,summer surprise,,summer surprise,
TRUE,summer sweet,,summer sweet,
TRUE,summer sweet paradise,summer sweet paradise,summer sweet paradise,
TRUE,summer sweet russet,,summer sweet russet,
TRUE,summer sweeting,,summer sweet,
TRUE,sunflower,,sunflower,
TRUE,sunrise,,sunrise,
TRUE,sunset,,sunset,
TRUE,super spitzenburg,,super spitzenburg,
TRUE,superb sweet,superb sweet,superb sweet,
TRUE,superb winter sweet,superb sweet,superb sweet,
TRUE,susan,,susan,
TRUE,sutton,sutton beauty,sutton beauty,
TRUE,sutton beauty,sutton beauty,sutton beauty,
TRUE,sutton's beauty,sutton beauty,sutton beauty,
TRUE,swaar,swaar,swaar,
TRUE,swan apple,,swan apple,
FALSE,(pear) swan's orange,(pear) onondaga,(pear) onondaga,
TRUE,swansee beauty,,swansee beauty,
TRUE,swar,swaar,swaar,
TRUE,sware,swaar,swaar,
TRUE,sweet,,sweet,
TRUE,sweet baldwin,sweet baldwin,sweet baldwin,
TRUE,sweet bangle,,sweet bangle,
TRUE,sweet bough,sweet bough,sweet bough,
TRUE,sweet bower,sweet bough,sweet bough,
TRUE,sweet brier,brier crab,brier crab,
TRUE,sweet chester,,sweet chester,
TRUE,sweet chestnut,,sweet chestnut,
TRUE,sweet crab,,sweet crab,
TRUE,sweet cress,,sweet cress,
TRUE,sweet fall,,sweet fall,
TRUE,sweet gloria mundi,gloria mundi (of maine),gloria mundi (of maine),
TRUE,sweet glory nunde,gloria mundi (of maine),gloria mundi (of maine),
TRUE,sweet golden russet,,sweet golden russet,
TRUE,sweet greening,sweet greening,sweet greening,
TRUE,sweet pippin,,sweet pippin,
TRUE,sweet porter,,sweet porter,
TRUE,sweet russet,,sweet russet,
TRUE,sweet russet (fall),,fall sweet russet,
TRUE,sweet russet (winter),,winter sweet russet,
TRUE,sweet russet winter,,winter sweet russet,
TRUE,sweet russett,,sweet russet,
TRUE,sweet sixteen,,sweet sixteen,
TRUE,sweet van wyck crab,van wyck crab,van wyck crab,
TRUE,sweet wagner,,sweet wagener,
TRUE,sweetburg,,sweetburg,
TRUE,sweeting,,sweeting,
TRUE,swoon,,swoon,
FALSE,(pear) sycle,(pear) seckel,(pear) seckel,
TRUE,syracuse beauty,,syracuse beauty,
TRUE,tallam sweets,tolman sweet,tolman sweet,
TRUE,tallman sweet,tolman sweet,tolman sweet,
TRUE,talman sweet,tolman sweet,tolman sweet,
TRUE,talman sweeting,tolman sweet,tolman sweet,
TRUE,talman's sweet,tolman sweet,tolman sweet,
TRUE,talmon sweet,tolman sweet,tolman sweet,
TRUE,taylor,,taylor,
FALSE,(pear) telephone,,(pear) telephone,
TRUE,terston russet,,terston russet,
TRUE,tetanakee,tetofski,tetofski,
TRUE,tetofsky,tetofski,tetofski,
TRUE,tetophsky,tetofski,tetofski,
TRUE,tetopskey,tetofski,tetofski,
TRUE,tetopsky,tetofski,tetofski,
TRUE,thatcher,,thatcher,
TRUE,the stripes,,the stripes,
TRUE,theabald,,theobold,
TRUE,theobold sweet,,theobold sweet,
TRUE,thomas sweet,,thomas sweet,
TRUE,thompkin king,king of tompkins county,king of tompkins county,
TRUE,thompkins,king of tompkins county,king of tompkins county,
TRUE,thompson,,thompson,
TRUE,thompson sweet,,thompson sweet,
TRUE,thomson sweet,,thompson sweet,
TRUE,three sweet,,three sweet,
TRUE,tillman sweet,tolman sweet,tolman sweet,
TRUE,tippecanoe,tippecanoe,tippecanoe,
TRUE,tollman sweet,tolman sweet,tolman sweet,
TRUE,tolman,tolman sweet,tolman sweet,
TRUE,tolman sweet,tolman sweet,tolman sweet,
TRUE,tolman sweeting,tolman sweet,tolman sweet,
TRUE,tolman's sweet,tolman sweet,tolman sweet,
TRUE,tomato,,tomato,
TRUE,tomato crab,,tomato crab,
TRUE,tomkin,king of tompkins county,king of tompkins county,
TRUE,tompkin,king of tompkins county,king of tompkins county,
TRUE,tompkins,king of tompkins county,king of tompkins county,
TRUE,tompkins king,king of tompkins county,king of tompkins county,
TRUE,tompkins kings,king of tompkins county,king of tompkins county,
TRUE,total,,total,
TRUE,touch me not,,touch me not,
TRUE,townsend,,townsend,
TRUE,transcendant crab,transcendent crab,transcendent crab,
TRUE,transcendent,transcendent crab,transcendent crab,
TRUE,transcendent crab,transcendent crab,transcendent crab,
TRUE,transendent,transcendent crab,transcendent crab,
TRUE,translucent crab,transcendent crab,transcendent crab,
TRUE,transparent,yellow transparent,yellow transparent,
TRUE,transparent crab,transcendent crab,transcendent crab,
TRUE,trenhausen,,trenhausen,
TRUE,troop favorite,,troop favorite,
TRUE,true's beauty,,true's beauty,
TRUE,tuscarora,,tuscarora,
TRUE,twelve oz.,,twelve ounce,
TRUE,twentieth century,,twentieth century,
TRUE,twenty ounce,twenty ounce,twenty ounce,
TRUE,twenty ounce greening,,twenty ounce greening,
TRUE,twenty ounce n. y. pippin,twenty ounce pippin,twenty ounce pippin,
TRUE,twenty ounce pippin,twenty ounce pippin,twenty ounce pippin,
TRUE,twenty ounce pippins,twenty ounce pippin,twenty ounce pippin,
TRUE,twenty ounce sweet,,twenty ounce sweet,
TRUE,twenty oz.,twenty ounce,twenty ounce,
TRUE,twenty-ounce,twenty ounce,twenty ounce,
TRUE,twenty-ounce stripe,,twenty ounce stripe,
TRUE,twig russett,golden russet of western new york,golden russet of western new york,
TRUE,twigged greening,,twigged greening,
TRUE,twin apple,,twin apple,
TRUE,two ounce,twenty ounce,twenty ounce,
FALSE,(pear) tyler,(pear) tyler,(pear) tyler,
FALSE,(pear) tyron,(pear) tyson,(pear) tyson,
FALSE,(pear) tyson,(pear) tyson,(pear) tyson,
TRUE,uncle thomas,,uncle thomas,
TRUE,union,,union,
TRUE,union greening,,union greening,
TRUE,union pippin,union pippin,union pippin,
TRUE,union russet,union russet,union russet,
FALSE,(pear) unnamed,,(pear) unnamed,
FALSE,(pear) urbanist,(pear) urbaniste,(pear) urbaniste,
FALSE,(pear) urbaniste,(pear) urbaniste,(pear) urbaniste,
TRUE,vail baker,,vail baker,
TRUE,van dyke crab,van wyck crab,van wyck crab,
TRUE,van wick sweet crab,van wyck crab,van wyck crab,
TRUE,vandevere,smokehouse,smokehouse,
TRUE,vandivere,smokehouse,smokehouse,
TRUE,vaughn,,vaughn,
TRUE,vermont,,vermont,1
TRUE,vermont baldwin,,vermont baldwin,1
FALSE,(pear) vermont beauty,(pear) vermont beauty,(pear) vermont beauty,
TRUE,vermont greening,bottle greening,bottle greening,
TRUE,vermont sweet,lyman's pumpkin sweet,lyman's pumpkin sweet,
TRUE,vermont sweeting,lyman's pumpkin sweet,lyman's pumpkin sweet,
TRUE,veromi,benoni,benoni,
FALSE,(pear) vica,(pear) vicar of winkfield,(pear) vicar of winkfield,
FALSE,(pear) vica of wakefield,(pear) vicar of winkfield,(pear) vicar of winkfield,
FALSE,(pear) vicar,(pear) vicar of winkfield,(pear) vicar of winkfield,
FALSE,(pear) vicar of wakefield,(pear) vicar of winkfield,(pear) vicar of winkfield,
FALSE,(pear) vicar of winckfield,(pear) vicar of winkfield,(pear) vicar of winkfield,
FALSE,(pear) vicar of winkfield,(pear) vicar of winkfield,(pear) vicar of winkfield,
FALSE,(pear) victor,(pear) vicar of winkfield,(pear) vicar of winkfield,
TRUE,victoria,victoria,victoria,
TRUE,victuals and drink,victuals and drink,victuals and drink,
TRUE,volkie,,volkie,
TRUE,vose sweet,,vose sweet,
FALSE,(pear) vura,(pear) vicar of winkfield,(pear) vicar of winkfield,
TRUE,w. greening,,w. greening,
TRUE,wagence,wagener,wagener,
TRUE,wagener,wagener,wagener,
TRUE,wagner,wagener,wagener,
TRUE,wagner greening,,wagner greening,
TRUE,walbridge,walbridge,walbridge,
TRUE,waldridge,walbridge,walbridge,
TRUE,walker beauty,walker beauty,walker beauty,
TRUE,walker sweet,,walker sweet,
TRUE,walker's beauty,walker beauty,walker beauty,
TRUE,wallbridge,walbridge,walbridge,
TRUE,wallflower,,wallflower,
TRUE,walpole ledging,,walpole ledging,
TRUE,wannofsky,tetofski,tetofski,
TRUE,warren greening,,warren greening,
TRUE,warren russet,roxbury russet,roxbury russet,
TRUE,warren winter,,warren winter,
TRUE,washington,,washington,
TRUE,washington apple,,washington,
TRUE,washington baldwin,red canada,red canada,
TRUE,washington co. strawberry,washington strawberry,washington strawberry,
TRUE,washington greening,washington royal,washington royal,
TRUE,washington pippin,,washington pippin,
TRUE,washington red,,washington red,
TRUE,washington strawberry,washington strawberry,washington strawberry,
TRUE,washington sweet,pumpkin russet,pumpkin russet,
TRUE,water core,,water core,
TRUE,water core apple,,water core,
TRUE,water core sweet,,water core sweet,
TRUE,watermelon,watermelon,watermelon,
TRUE,watertown sweet,,watertown sweet,
TRUE,wax,,wax,
TRUE,wealthty,wealthy,wealthy,
TRUE,wealthy,wealthy,wealthy,
TRUE,welch sweeting,,welch sweet,
TRUE,well apple,,well apple,
TRUE,wels apple,,wels apple,
TRUE,western apple,,western apple,
TRUE,westfish seek no further,westfield seek-no-further,westfield seek no farther,
TRUE,wheat loaves,,wheat loaf,
TRUE,wheatley,wealthy,wealthy,
TRUE,wheatloaf,,wheat loaf,
TRUE,whig,,whig,
TRUE,white,,white,
TRUE,white apple,,white apple,
TRUE,white ash,,white ash,
TRUE,white astrachan,white astrachan,white astrachan,
TRUE,white baldwin,,white baldwin,
TRUE,white beauty,,white beauty,
TRUE,white crab,white crab,white crab,
FALSE,(pear) white doyenne,(pear) white doyenne,(pear) white doyenne,
TRUE,white elephant,,white elephant,
TRUE,white giant,,white giant,
TRUE,white graft,fall orange,fall orange,
TRUE,white juneating,white juneating,white juneating,
TRUE,white loaf,white loaf,white loaf,
TRUE,white pearmain,white pearmain,white pearmain,
TRUE,white pippin,,white pippin,
TRUE,white rambo,white rambo,white rambo,
TRUE,white russet,,white russet,
TRUE,white sweet,,white sweet,
TRUE,white winter,white pearmain,white pearmain,
TRUE,white winter pear main,white pearmain,white pearmain,
TRUE,white winter sweet,,white winter sweet,
TRUE,whitefield,,whitefield,
TRUE,whitelip,,whitelip,
TRUE,whittier sweet,,whittier sweet,
TRUE,wilding,milding,milding,
FALSE,(pear) wilkin's beauty,,(pear) wilkin's beauty,
TRUE,william,william's favorite,william's favorite,
TRUE,william farmer,william's favorite,william's favorite,
TRUE,william's early,william's favorite,william's favorite,
TRUE,william's favorite,william's favorite,william's favorite,
TRUE,williams,william's favorite,william's favorite,
TRUE,williams favorite,william's favorite,william's favorite,
TRUE,williams' favorite,william's favorite,william's favorite,
TRUE,willow,,willow,
TRUE,willow belflower,yellow bellflower,yellow bellflower,
TRUE,willow twig,willow twig,willow twig,
TRUE,wilson red june,wilson red june,wilson red june,
TRUE,win's favorite,william's favorite,william's favorite,
TRUE,winchester greening,winthrop greening,winthrop greening,
TRUE,wine,wine,wine,
TRUE,wine apple,wine,wine,
TRUE,wine of corea,,wine of corea,
TRUE,wine sap,winesap,winesap,
TRUE,wine sops,sops of wine,sops of wine,
TRUE,winesap,winesap,winesap,
TRUE,winesaps,winesap,winesap,
TRUE,winesop,,winesop,
TRUE,winn,winn russet,winn russet,
TRUE,winn russet,winn russet,winn russet,
TRUE,winsap,winesap,winesap,
TRUE,winslow proof,,winslow proof,
FALSE,(pear) winter,,(pear) winter,
TRUE,winter astrachan,,winter astrachan,
TRUE,winter baldwin,,winter baldwin,
TRUE,winter banana,winter banana,winter banana,
FALSE,(pear) winter bartlett,(pear) winter bartlett,(pear) winter bartlett,
FALSE,(pear) winter bell,(pear) winter nelis,(pear) winter nelis,
TRUE,winter bell-flower,,winter bellflower,
TRUE,winter bellflower,,winter bellflower,
FALSE,(pear) winter bells,(pear) winter nelis,(pear) winter nelis,
TRUE,winter bough,,winter bough,
TRUE,winter calvert,calville blanc d'hiver,calville blanc d'hiver,
TRUE,winter crab,,winter crab,
TRUE,winter crop,,winter crop,
TRUE,winter favorite,,winter favorite,
TRUE,winter genitan,,winter jennetting,
TRUE,winter gravenstein,milding,milding,
TRUE,winter greening,,winter greening,
TRUE,winter harvey,winter harvey,winter harvey,
TRUE,winter jennette,,winter jennetting,
TRUE,winter jennetting,,winter jennetting,
TRUE,winter jeunette,,winter jennetting,
TRUE,winter mcintosh,,winter mcintosh,
FALSE,(pear) winter mills,(pear) winter nelis,(pear) winter nelis,
FALSE,(pear) winter nelis,(pear) winter nelis,(pear) winter nelis,
FALSE,(pear) winter nellie,(pear) winter nelis,(pear) winter nelis,
FALSE,(pear) winter nellis,(pear) winter nelis,(pear) winter nelis,
FALSE,(pear) winter niles,(pear) winter nelis,(pear) winter nelis,
TRUE,winter pearmain,white pearmain,white pearmain,
TRUE,winter pippin,,winter pippin,
TRUE,winter porter,,winter porter,
TRUE,winter queen,,winter queen,
TRUE,winter red sweet,,winter red sweet,
TRUE,winter russet,,winter russet,
TRUE,winter russett,,winter russet,
FALSE,(pear) winter seneca,,(pear) winter seneca,
TRUE,winter strawberry,,winter strawberry,
TRUE,winter sweet,,winter sweet,
TRUE,winter sweet russet,,winter sweet russet,
TRUE,winter sweet russett,,winter sweet russet,
TRUE,winter sweeting,,winter sweeting,
TRUE,winter wagner,,winter wagner,
TRUE,winterport greening,fall harvey,fall harvey,
TRUE,winthrop favorite,winthrop greening,winthrop greening,
TRUE,winthrop greening,winthrop greening,winthrop greening,
TRUE,winthrop seedling,winthrop greening,winthrop greening,
TRUE,wismer's dessert,wismer,wismer,
TRUE,wolf,wolf river,wolf river,
TRUE,wolf river,wolf river,wolf river,
TRUE,wolfbridge,walbridge,walbridge,
TRUE,wolfe river,wolf river,wolf river,
FALSE,(pear) wonder sickel,(pear) worden seckel,(pear) worden seckel,
TRUE,wood sweet,wood sweet,wood sweet,
FALSE,(pear) woodbury,,(pear) woodbury,
TRUE,woodcock,,woodcock,
TRUE,woodpecker,baldwin,baldwin,
TRUE,worcester apple,,worcester apple,
TRUE,worcester russet,worcester sweet russet,worcester sweet russet,
FALSE,(pear) worden seckel,(pear) worden seckel,(pear) worden seckel,
TRUE,world's wonder,world wonder,world wonder,
TRUE,worthley,wealthy,wealthy,
TRUE,yarmouth cathead,,yarmouth cathead,
TRUE,yellow,,yellow,
TRUE,yellow bell flower,yellow bellflower,yellow bellflower,
TRUE,yellow bellefleur,yellow bellflower,yellow bellflower,
TRUE,yellow belleflower,yellow bellflower,yellow bellflower,
TRUE,yellow bellfleur,yellow bellflower,yellow bellflower,
TRUE,yellow bellflower,yellow bellflower,yellow bellflower,
TRUE,yellow bough,sweet bough,sweet bough,
TRUE,yellow delicious,yellow delicious,yellow delicious,
TRUE,yellow favorite,yellow favorite,yellow favorite,
TRUE,yellow flat,winthrop greening,winthrop greening,
TRUE,yellow nonesuch,,yellow nonesuch,
TRUE,yellow pearmaine,,yellow pearmain,
TRUE,yellow porter,,yellow porter,
TRUE,yellow russet,,yellow russet,
TRUE,yellow siberian,yellow siberian crab,yellow siberian crab,
TRUE,yellow siberian crab,yellow siberian crab,yellow siberian crab,
TRUE,yellow strawberry,,yellow strawberry,
TRUE,yellow sweet,sweet bough,sweet bough,
TRUE,yellow sweet bough,sweet bough,sweet bough,
TRUE,yellow transcendent crab,transcendent crab,transcendent crab,
TRUE,yellow transparent,yellow transparent,yellow transparent,
TRUE,yellow transparent crab,transcendent crab,transcendent crab,
TRUE,yellow transport,yellow transparent,yellow transparent,
TRUE,york greening,,york greening,
TRUE,york imp.,york imperial,york imperial,
TRUE,york imperial,york imperial,york imperial,
TRUE,york pippin,,york pippin,
TRUE,york russet,,york russet,
TRUE,york russeting,,york russet,
TRUE,york russett,,york russet,
TRUE,york sweet,,york sweet,
TRUE,york sweeting,,york sweet,
TRUE,zeal apple,,zeal apple,
TRUE,zylphia,,zyplhia,